"Twilight","Rise","Deleted","Marker","Inserted","Twilight3","Marker3"
2020-01-03 09:32:26,TRUE,FALSE,0,TRUE,2020-01-03 09:53:27,0
2020-01-04 01:32:22,FALSE,FALSE,0,FALSE,2020-01-04 01:32:22,0
2020-01-04 09:44:59,TRUE,FALSE,0,FALSE,2020-01-04 09:44:59,0
2020-01-05 01:47:22,FALSE,FALSE,0,FALSE,2020-01-05 01:47:22,0
2020-01-05 09:57:08,TRUE,FALSE,0,FALSE,2020-01-05 09:57:08,0
2020-01-06 01:44:54,FALSE,FALSE,0,FALSE,2020-01-06 01:44:54,0
2020-01-06 09:56:36,TRUE,FALSE,0,FALSE,2020-01-06 09:56:36,0
2020-01-07 01:39:16,FALSE,FALSE,0,FALSE,2020-01-07 01:39:16,0
2020-01-07 09:51:39,TRUE,FALSE,0,FALSE,2020-01-07 09:51:39,0
2020-01-08 01:37:22,FALSE,FALSE,0,FALSE,2020-01-08 01:37:22,0
2020-01-08 10:04:59,TRUE,FALSE,0,FALSE,2020-01-08 10:04:59,0
2020-01-09 01:06:09,FALSE,FALSE,0,TRUE,2020-01-09 01:06:09,0
2020-01-11 10:06:21,TRUE,FALSE,0,TRUE,2020-01-11 09:53:27,0
2020-01-12 01:22:23,FALSE,FALSE,0,FALSE,2020-01-12 01:22:23,0
2020-01-12 10:23:06,TRUE,FALSE,0,FALSE,2020-01-12 10:23:06,0
2020-01-13 01:55:46,FALSE,FALSE,0,FALSE,2020-01-13 01:55:46,0
2020-01-13 10:31:40,TRUE,FALSE,0,FALSE,2020-01-13 10:31:40,0
2020-01-14 02:10:14,FALSE,FALSE,0,FALSE,2020-01-14 02:10:14,0
2020-01-14 10:13:06,TRUE,FALSE,0,FALSE,2020-01-14 10:13:06,0
2020-01-15 02:05:39,FALSE,FALSE,0,FALSE,2020-01-15 02:05:39,0
2020-01-15 10:30:00,TRUE,FALSE,0,FALSE,2020-01-15 10:30:00,0
2020-01-16 02:19:17,FALSE,FALSE,0,FALSE,2020-01-16 02:19:17,0
2020-01-16 10:22:28,TRUE,FALSE,0,FALSE,2020-01-16 10:22:28,0
2020-01-17 01:59:55,FALSE,FALSE,0,FALSE,2020-01-17 01:59:55,0
2020-01-17 09:51:57,TRUE,FALSE,0,FALSE,2020-01-17 09:51:57,0
2020-01-18 01:09:17,FALSE,FALSE,0,FALSE,2020-01-18 01:09:17,0
2020-01-18 10:08:06,TRUE,FALSE,0,FALSE,2020-01-18 10:08:06,0
2020-01-19 01:04:17,FALSE,FALSE,0,FALSE,2020-01-19 01:04:17,0
2020-01-19 10:22:09,TRUE,FALSE,0,FALSE,2020-01-19 10:22:09,0
2020-01-20 01:40:14,FALSE,FALSE,0,FALSE,2020-01-20 01:40:14,0
2020-01-20 10:47:28,TRUE,FALSE,0,FALSE,2020-01-20 10:47:28,0
2020-01-21 02:27:23,FALSE,FALSE,0,FALSE,2020-01-21 02:27:23,0
2020-01-21 10:53:06,TRUE,FALSE,0,FALSE,2020-01-21 10:53:06,0
2020-01-22 02:27:23,FALSE,FALSE,0,FALSE,2020-01-22 02:27:23,0
2020-01-22 10:42:28,TRUE,FALSE,0,FALSE,2020-01-22 10:42:28,0
2020-01-23 02:24:17,FALSE,FALSE,0,FALSE,2020-01-23 02:24:17,0
2020-01-23 10:26:44,TRUE,FALSE,0,FALSE,2020-01-23 10:26:44,0
2020-01-24 01:52:23,FALSE,FALSE,0,FALSE,2020-01-24 01:52:23,0
2020-01-24 10:05:00,TRUE,FALSE,0,FALSE,2020-01-24 10:05:00,0
2020-01-25 01:17:23,FALSE,FALSE,0,FALSE,2020-01-25 01:17:23,0
2020-01-25 10:21:37,TRUE,FALSE,0,FALSE,2020-01-25 10:21:37,0
2020-01-26 00:59:34,FALSE,FALSE,0,TRUE,2020-01-26 00:51:43,0
2020-01-27 10:17:15,TRUE,FALSE,0,TRUE,2020-01-27 10:29:33,0
2020-01-28 01:09:35,FALSE,FALSE,0,TRUE,2020-01-28 01:06:09,0
2020-01-30 10:22:20,TRUE,FALSE,0,TRUE,2020-01-30 10:22:20,0
2020-01-31 01:20:15,FALSE,FALSE,0,FALSE,2020-01-31 01:20:15,0
2020-01-31 10:25:01,TRUE,FALSE,0,FALSE,2020-01-31 10:25:01,0
2020-02-01 01:29:18,FALSE,FALSE,0,FALSE,2020-02-01 01:29:18,0
2020-02-01 10:20:01,TRUE,FALSE,0,FALSE,2020-02-01 10:20:01,0
2020-02-02 01:24:56,FALSE,FALSE,0,FALSE,2020-02-02 01:24:56,0
2020-02-02 10:18:07,TRUE,FALSE,0,FALSE,2020-02-02 10:18:07,0
2020-02-03 01:44:18,FALSE,FALSE,0,FALSE,2020-02-03 01:44:18,0
2020-02-03 10:10:01,TRUE,FALSE,0,FALSE,2020-02-03 10:10:01,0
2020-02-04 01:19:18,FALSE,FALSE,0,FALSE,2020-02-04 01:19:18,0
2020-02-04 10:18:07,TRUE,FALSE,0,FALSE,2020-02-04 10:18:07,0
2020-02-05 01:04:56,FALSE,FALSE,0,FALSE,2020-02-05 01:04:56,0
2020-02-05 10:32:29,TRUE,FALSE,0,FALSE,2020-02-05 10:32:29,0
2020-02-06 01:19:56,FALSE,FALSE,0,FALSE,2020-02-06 01:19:56,0
2020-02-06 10:48:07,TRUE,FALSE,0,FALSE,2020-02-06 10:48:07,0
2020-02-07 01:35:34,FALSE,FALSE,0,FALSE,2020-02-07 01:35:34,0
2020-02-07 11:10:01,TRUE,FALSE,0,FALSE,2020-02-07 11:10:01,0
2020-02-08 02:04:56,FALSE,FALSE,0,FALSE,2020-02-08 02:04:56,0
2020-02-08 11:02:29,TRUE,FALSE,0,FALSE,2020-02-08 11:02:29,0
2020-02-09 02:05:27,FALSE,FALSE,0,FALSE,2020-02-09 02:05:27,0
2020-02-09 11:17:10,TRUE,FALSE,0,FALSE,2020-02-09 11:17:10,0
2020-02-10 02:07:24,FALSE,FALSE,0,FALSE,2020-02-10 02:07:24,0
2020-02-10 10:58:07,TRUE,FALSE,0,FALSE,2020-02-10 10:58:07,0
2020-02-11 02:04:56,FALSE,FALSE,0,FALSE,2020-02-11 02:04:56,0
2020-02-11 11:11:58,TRUE,FALSE,0,FALSE,2020-02-11 11:11:58,0
2020-02-12 01:50:16,FALSE,FALSE,0,FALSE,2020-02-12 01:50:16,0
2020-02-12 10:51:59,TRUE,FALSE,0,FALSE,2020-02-12 10:51:59,0
2020-02-13 01:09:57,FALSE,FALSE,0,FALSE,2020-02-13 01:09:57,0
2020-02-13 10:23:08,TRUE,FALSE,0,FALSE,2020-02-13 10:23:08,0
2020-02-14 01:01:31,FALSE,FALSE,0,TRUE,2020-02-14 01:13:23,0
2020-02-17 10:32:29,TRUE,FALSE,0,TRUE,2020-02-17 10:51:14,0
2020-02-18 00:54:19,FALSE,FALSE,0,FALSE,2020-02-18 00:54:19,0
2020-02-18 10:32:30,TRUE,FALSE,0,FALSE,2020-02-18 10:32:30,0
2020-02-19 01:00:28,FALSE,FALSE,0,FALSE,2020-02-19 01:00:28,0
2020-02-19 10:50:02,TRUE,FALSE,0,FALSE,2020-02-19 10:50:02,0
2020-02-20 01:32:25,FALSE,FALSE,0,FALSE,2020-02-20 01:32:25,0
2020-02-20 11:15:02,TRUE,FALSE,0,FALSE,2020-02-20 11:15:02,0
2020-02-21 02:14:19,FALSE,FALSE,0,FALSE,2020-02-21 02:14:19,0
2020-02-21 11:48:08,TRUE,FALSE,0,FALSE,2020-02-21 11:48:08,0
2020-02-22 02:09:19,FALSE,FALSE,0,FALSE,2020-02-22 02:09:19,0
2020-02-22 11:25:02,TRUE,FALSE,0,FALSE,2020-02-22 11:25:02,0
2020-02-23 02:10:35,FALSE,FALSE,0,FALSE,2020-02-23 02:10:35,0
2020-02-23 11:25:02,TRUE,FALSE,0,FALSE,2020-02-23 11:25:02,0
2020-02-24 02:19:19,FALSE,FALSE,0,FALSE,2020-02-24 02:19:19,0
2020-02-24 11:18:08,TRUE,FALSE,0,FALSE,2020-02-24 11:18:08,0
2020-02-25 02:24:57,FALSE,FALSE,0,FALSE,2020-02-25 02:24:57,0
2020-02-25 11:30:02,TRUE,FALSE,0,FALSE,2020-02-25 11:30:02,0
2020-02-26 01:57:25,FALSE,FALSE,0,FALSE,2020-02-26 01:57:25,0
2020-02-26 10:52:30,TRUE,FALSE,0,FALSE,2020-02-26 10:52:30,0
2020-02-27 01:07:25,FALSE,FALSE,0,FALSE,2020-02-27 01:07:25,0
2020-02-27 10:43:08,TRUE,FALSE,0,FALSE,2020-02-27 10:43:08,0
2020-02-28 00:40:16,FALSE,FALSE,0,FALSE,2020-02-28 00:40:16,0
2020-02-28 10:45:03,TRUE,FALSE,0,FALSE,2020-02-28 10:45:03,0
2020-02-29 00:34:20,FALSE,FALSE,0,FALSE,2020-02-29 00:34:20,0
2020-02-29 10:48:09,TRUE,FALSE,0,FALSE,2020-02-29 10:48:09,0
2020-03-01 00:34:54,FALSE,FALSE,0,TRUE,2020-03-01 00:22:49,0
2020-03-03 10:53:03,TRUE,FALSE,0,TRUE,2020-03-03 11:05:40,0
2020-03-04 00:29:25,FALSE,FALSE,0,TRUE,2020-03-04 00:15:36,0
2020-03-06 10:51:32,TRUE,FALSE,0,TRUE,2020-03-06 11:05:40,0
2020-03-07 00:24:58,FALSE,FALSE,0,FALSE,2020-03-07 00:24:58,0
2020-03-07 10:53:09,TRUE,FALSE,0,FALSE,2020-03-07 10:53:09,0
2020-03-08 00:19:58,FALSE,FALSE,0,FALSE,2020-03-08 00:19:58,0
2020-03-08 10:57:12,TRUE,FALSE,0,FALSE,2020-03-08 10:57:12,0
2020-03-09 00:24:20,FALSE,FALSE,0,FALSE,2020-03-09 00:24:20,0
2020-03-09 10:52:31,TRUE,FALSE,0,FALSE,2020-03-09 10:52:31,0
2020-03-10 00:29:58,FALSE,FALSE,0,FALSE,2020-03-10 00:29:58,0
2020-03-10 11:10:03,TRUE,FALSE,0,FALSE,2020-03-10 11:10:03,0
2020-03-11 00:54:20,FALSE,FALSE,0,FALSE,2020-03-11 00:54:20,0
2020-03-11 11:10:03,TRUE,FALSE,0,FALSE,2020-03-11 11:10:03,0
2020-03-12 00:45:17,FALSE,FALSE,0,FALSE,2020-03-12 00:45:17,0
2020-03-12 10:50:03,TRUE,FALSE,0,FALSE,2020-03-12 10:50:03,0
2020-03-13 00:39:58,FALSE,FALSE,0,FALSE,2020-03-13 00:39:58,0
2020-03-13 11:01:53,TRUE,FALSE,0,FALSE,2020-03-13 11:01:53,0
2020-03-14 00:19:04,FALSE,FALSE,0,TRUE,2020-03-14 00:22:49,0
2020-03-15 11:12:30,TRUE,FALSE,0,TRUE,2020-03-15 11:34:34,0
2020-03-16 00:34:21,FALSE,FALSE,0,FALSE,2020-03-16 00:34:21,0
2020-03-16 11:18:10,TRUE,FALSE,0,FALSE,2020-03-16 11:18:10,0
2020-03-17 00:34:21,FALSE,FALSE,0,FALSE,2020-03-17 00:34:21,0
2020-03-17 11:22:32,TRUE,FALSE,0,FALSE,2020-03-17 11:22:32,0
2020-03-18 00:39:21,FALSE,FALSE,0,FALSE,2020-03-18 00:39:21,0
2020-03-18 11:27:32,TRUE,FALSE,0,FALSE,2020-03-18 11:27:32,0
2020-03-19 00:45:30,FALSE,FALSE,0,FALSE,2020-03-19 00:45:30,0
2020-03-19 11:53:10,TRUE,FALSE,0,FALSE,2020-03-19 11:53:10,0
2020-03-20 00:57:27,FALSE,FALSE,0,FALSE,2020-03-20 00:57:27,0
2020-03-20 12:03:10,TRUE,FALSE,0,FALSE,2020-03-20 12:03:10,0
2020-03-21 01:07:27,FALSE,FALSE,0,FALSE,2020-03-21 01:07:27,0
2020-03-21 12:15:04,TRUE,FALSE,0,FALSE,2020-03-21 12:15:04,0
2020-03-22 01:14:21,FALSE,FALSE,0,FALSE,2020-03-22 01:14:21,0
2020-03-22 12:13:10,TRUE,FALSE,0,FALSE,2020-03-22 12:13:10,0
2020-03-23 01:17:27,FALSE,FALSE,0,FALSE,2020-03-23 01:17:27,0
2020-03-23 12:18:10,TRUE,FALSE,0,FALSE,2020-03-23 12:18:10,0
2020-03-24 01:44:59,FALSE,FALSE,0,FALSE,2020-03-24 01:44:59,0
2020-03-24 12:32:32,TRUE,FALSE,0,FALSE,2020-03-24 12:32:32,0
2020-03-25 01:17:27,FALSE,FALSE,0,FALSE,2020-03-25 01:17:27,0
2020-03-25 12:08:10,TRUE,FALSE,0,FALSE,2020-03-25 12:08:10,0
2020-03-26 00:52:27,FALSE,FALSE,0,FALSE,2020-03-26 00:52:27,0
2020-03-26 12:01:54,TRUE,FALSE,0,FALSE,2020-03-26 12:01:54,0
2020-03-27 00:52:27,FALSE,FALSE,0,FALSE,2020-03-27 00:52:27,0
2020-03-27 12:03:10,TRUE,FALSE,0,FALSE,2020-03-27 12:03:10,0
2020-03-28 00:37:27,FALSE,FALSE,0,FALSE,2020-03-28 00:37:27,0
2020-03-28 11:45:04,TRUE,FALSE,0,FALSE,2020-03-28 11:45:04,0
2020-03-29 00:15:18,FALSE,FALSE,0,FALSE,2020-03-29 00:15:18,0
2020-03-29 11:27:32,TRUE,FALSE,0,FALSE,2020-03-29 11:27:32,0
2020-03-30 00:04:59,FALSE,FALSE,0,FALSE,2020-03-30 00:04:59,0
2020-03-30 11:07:32,TRUE,FALSE,0,FALSE,2020-03-30 11:07:32,0
2020-03-30 23:50:07,FALSE,FALSE,0,TRUE,2020-03-30 23:46:42,0
2020-04-03 11:07:32,TRUE,FALSE,0,TRUE,2020-04-03 11:27:21,0
2020-04-03 23:41:51,FALSE,FALSE,0,TRUE,2020-04-03 23:46:42,0
2020-04-05 11:17:03,TRUE,FALSE,0,TRUE,2020-04-05 11:34:34,0
2020-04-05 23:40:00,FALSE,FALSE,0,FALSE,2020-04-05 23:40:00,0
2020-04-06 11:12:14,TRUE,FALSE,0,FALSE,2020-04-06 11:12:14,0
2020-04-06 23:40:00,FALSE,FALSE,0,FALSE,2020-04-06 23:40:00,0
2020-04-07 11:22:33,TRUE,FALSE,0,FALSE,2020-04-07 11:22:33,0
2020-04-07 23:49:22,FALSE,FALSE,0,FALSE,2020-04-07 23:49:22,0
2020-04-08 11:36:55,TRUE,FALSE,0,FALSE,2020-04-08 11:36:55,0
2020-04-08 23:47:28,FALSE,FALSE,0,FALSE,2020-04-08 23:47:28,0
2020-04-09 11:37:33,TRUE,FALSE,0,FALSE,2020-04-09 11:37:33,0
2020-04-09 23:37:28,FALSE,FALSE,0,FALSE,2020-04-09 23:37:28,0
2020-04-10 11:15:05,TRUE,FALSE,0,FALSE,2020-04-10 11:15:05,0
2020-04-10 23:34:22,FALSE,FALSE,0,FALSE,2020-04-10 23:34:22,0
2020-04-11 11:22:14,TRUE,FALSE,0,FALSE,2020-04-11 11:22:14,0
2020-04-11 23:40:00,FALSE,FALSE,0,FALSE,2020-04-11 23:40:00,0
2020-04-12 11:17:33,TRUE,FALSE,0,FALSE,2020-04-12 11:17:33,0
2020-04-12 23:32:28,FALSE,FALSE,0,FALSE,2020-04-12 23:32:28,0
2020-04-13 11:40:05,TRUE,FALSE,0,FALSE,2020-04-13 11:40:05,0
2020-04-13 23:34:22,FALSE,FALSE,0,FALSE,2020-04-13 23:34:22,0
2020-04-14 11:55:05,TRUE,FALSE,0,FALSE,2020-04-14 11:55:05,0
2020-04-14 23:35:38,FALSE,FALSE,0,FALSE,2020-04-14 23:35:38,0
2020-04-15 11:52:33,TRUE,FALSE,0,FALSE,2020-04-15 11:52:33,0
2020-04-15 23:30:19,FALSE,FALSE,0,FALSE,2020-04-15 23:30:19,0
2020-04-16 11:52:02,TRUE,FALSE,0,FALSE,2020-04-16 11:52:02,0
2020-04-16 23:30:20,FALSE,FALSE,0,FALSE,2020-04-16 23:30:20,0
2020-04-17 12:05:06,TRUE,FALSE,0,FALSE,2020-04-17 12:05:06,0
2020-04-17 23:30:20,FALSE,FALSE,0,FALSE,2020-04-17 23:30:20,0
2020-04-18 11:58:12,TRUE,FALSE,0,FALSE,2020-04-18 11:58:12,0
2020-04-18 23:34:23,FALSE,FALSE,0,FALSE,2020-04-18 23:34:23,0
2020-04-19 11:53:12,TRUE,FALSE,0,FALSE,2020-04-19 11:53:12,0
2020-04-19 23:40:20,FALSE,FALSE,0,FALSE,2020-04-19 23:40:20,0
2020-04-20 12:02:34,TRUE,FALSE,0,FALSE,2020-04-20 12:02:34,0
2020-04-20 23:34:23,FALSE,FALSE,0,FALSE,2020-04-20 23:34:23,0
2020-04-21 12:05:06,TRUE,FALSE,0,FALSE,2020-04-21 12:05:06,0
2020-04-21 23:29:23,FALSE,FALSE,0,FALSE,2020-04-21 23:29:23,0
2020-04-22 12:23:12,TRUE,FALSE,0,FALSE,2020-04-22 12:23:12,0
2020-04-22 23:45:01,FALSE,FALSE,0,FALSE,2020-04-22 23:45:01,0
2020-04-23 12:32:15,TRUE,FALSE,0,FALSE,2020-04-23 12:32:15,0
2020-04-23 23:47:29,FALSE,FALSE,0,FALSE,2020-04-23 23:47:29,0
2020-04-24 12:43:12,TRUE,FALSE,0,FALSE,2020-04-24 12:43:12,0
2020-04-24 23:59:23,FALSE,FALSE,0,FALSE,2020-04-24 23:59:23,0
2020-04-25 12:35:06,TRUE,FALSE,0,FALSE,2020-04-25 12:35:06,0
2020-04-26 00:00:01,FALSE,FALSE,0,FALSE,2020-04-26 00:00:01,0
2020-04-26 12:50:06,TRUE,FALSE,0,FALSE,2020-04-26 12:50:06,0
2020-04-27 00:05:32,FALSE,FALSE,0,FALSE,2020-04-27 00:05:32,0
2020-04-27 12:42:34,TRUE,FALSE,0,FALSE,2020-04-27 12:42:34,0
2020-04-27 23:42:29,FALSE,FALSE,0,FALSE,2020-04-27 23:42:29,0
2020-04-28 12:43:12,TRUE,FALSE,0,FALSE,2020-04-28 12:43:12,0
2020-04-28 23:47:29,FALSE,FALSE,0,FALSE,2020-04-28 23:47:29,0
2020-04-29 12:33:12,TRUE,FALSE,0,FALSE,2020-04-29 12:33:12,0
2020-04-29 23:32:29,FALSE,FALSE,0,FALSE,2020-04-29 23:32:29,0
2020-04-30 12:57:03,TRUE,FALSE,0,FALSE,2020-04-30 12:57:03,0
2020-04-30 23:37:29,FALSE,FALSE,0,FALSE,2020-04-30 23:37:29,0
2020-05-01 12:37:03,TRUE,FALSE,0,FALSE,2020-05-01 12:37:03,0
2020-05-01 23:45:01,FALSE,FALSE,0,FALSE,2020-05-01 23:45:01,0
2020-05-02 12:35:06,TRUE,FALSE,0,FALSE,2020-05-02 12:35:06,0
2020-05-02 23:37:29,FALSE,FALSE,0,FALSE,2020-05-02 23:37:29,0
2020-05-03 12:42:35,TRUE,FALSE,0,FALSE,2020-05-03 12:42:35,0
2020-05-03 23:37:30,FALSE,FALSE,0,FALSE,2020-05-03 23:37:30,0
2020-05-04 12:47:16,TRUE,FALSE,0,FALSE,2020-05-04 12:47:16,0
2020-05-04 23:30:21,FALSE,FALSE,0,FALSE,2020-05-04 23:30:21,0
2020-05-05 12:26:57,TRUE,FALSE,0,FALSE,2020-05-05 12:26:57,0
2020-05-05 23:12:30,FALSE,FALSE,0,FALSE,2020-05-05 23:12:30,0
2020-05-06 12:10:07,TRUE,FALSE,0,FALSE,2020-05-06 12:10:07,0
2020-05-06 22:44:24,FALSE,FALSE,0,FALSE,2020-05-06 22:44:24,0
2020-05-07 12:17:35,TRUE,FALSE,0,FALSE,2020-05-07 12:17:35,0
2020-05-07 22:47:30,FALSE,FALSE,0,FALSE,2020-05-07 22:47:30,0
2020-05-08 11:51:57,TRUE,FALSE,0,FALSE,2020-05-08 11:51:57,0
2020-05-08 22:40:33,FALSE,FALSE,0,FALSE,2020-05-08 22:40:33,0
2020-05-09 12:00:07,TRUE,FALSE,0,FALSE,2020-05-09 12:00:07,0
2020-05-09 22:47:30,FALSE,FALSE,0,FALSE,2020-05-09 22:47:30,0
2020-05-10 11:47:16,TRUE,FALSE,0,FALSE,2020-05-10 11:47:16,0
2020-05-10 22:50:33,FALSE,FALSE,0,FALSE,2020-05-10 22:50:33,0
2020-05-11 11:58:13,TRUE,FALSE,0,FALSE,2020-05-11 11:58:13,0
2020-05-11 22:55:33,FALSE,FALSE,0,FALSE,2020-05-11 22:55:33,0
2020-05-12 11:45:07,TRUE,FALSE,0,FALSE,2020-05-12 11:45:07,0
2020-05-12 22:55:33,FALSE,FALSE,0,FALSE,2020-05-12 22:55:33,0
2020-05-13 12:12:16,TRUE,FALSE,0,FALSE,2020-05-13 12:12:16,0
2020-05-13 22:50:33,FALSE,FALSE,0,FALSE,2020-05-13 22:50:33,0
2020-05-14 11:57:35,TRUE,FALSE,0,FALSE,2020-05-14 11:57:35,0
2020-05-14 22:50:21,FALSE,FALSE,0,FALSE,2020-05-14 22:50:21,0
2020-05-15 11:56:57,TRUE,FALSE,0,FALSE,2020-05-15 11:56:57,0
2020-05-15 22:50:02,FALSE,FALSE,0,FALSE,2020-05-15 22:50:02,0
2020-05-16 11:47:35,TRUE,FALSE,0,FALSE,2020-05-16 11:47:35,0
2020-05-16 23:04:24,FALSE,FALSE,0,FALSE,2020-05-16 23:04:24,0
2020-05-17 11:42:16,TRUE,FALSE,0,FALSE,2020-05-17 11:42:16,0
2020-05-17 23:37:30,FALSE,FALSE,0,FALSE,2020-05-17 23:37:30,0
2020-05-18 11:47:35,TRUE,FALSE,0,FALSE,2020-05-18 11:47:35,0
2020-05-19 00:04:24,FALSE,FALSE,0,FALSE,2020-05-19 00:04:24,0
2020-05-19 12:02:35,TRUE,FALSE,0,FALSE,2020-05-19 12:02:35,0
2020-05-20 00:30:03,FALSE,FALSE,0,FALSE,2020-05-20 00:30:03,0
2020-05-20 12:25:08,TRUE,FALSE,0,FALSE,2020-05-20 12:25:08,0
2020-05-21 00:55:03,FALSE,FALSE,0,FALSE,2020-05-21 00:55:03,0
2020-05-21 12:42:36,TRUE,FALSE,0,FALSE,2020-05-21 12:42:36,0
2020-05-22 01:12:31,FALSE,FALSE,0,FALSE,2020-05-22 01:12:31,0
2020-05-22 13:00:08,TRUE,FALSE,0,FALSE,2020-05-22 13:00:08,0
2020-05-23 01:47:31,FALSE,FALSE,0,FALSE,2020-05-23 01:47:31,0
2020-05-23 13:12:17,TRUE,FALSE,0,FALSE,2020-05-23 13:12:17,0
2020-05-24 02:19:25,FALSE,FALSE,0,FALSE,2020-05-24 02:19:25,0
2020-05-24 13:28:14,TRUE,FALSE,0,FALSE,2020-05-24 13:28:14,0
2020-05-25 02:45:22,FALSE,FALSE,0,FALSE,2020-05-25 02:45:22,0
2020-05-25 13:50:08,TRUE,FALSE,0,FALSE,2020-05-25 13:50:08,0
2020-05-26 03:12:31,FALSE,FALSE,0,FALSE,2020-05-26 03:12:31,0
2020-05-26 14:10:08,TRUE,FALSE,0,FALSE,2020-05-26 14:10:08,0
2020-05-27 03:42:31,FALSE,FALSE,0,FALSE,2020-05-27 03:42:31,0
2020-05-27 14:28:14,TRUE,FALSE,0,FALSE,2020-05-27 14:28:14,0
2020-05-28 03:55:22,FALSE,FALSE,0,FALSE,2020-05-28 03:55:22,0
2020-05-28 14:45:08,TRUE,FALSE,0,FALSE,2020-05-28 14:45:08,0
2020-05-29 04:29:25,FALSE,FALSE,0,FALSE,2020-05-29 04:29:25,0
2020-05-29 15:17:17,TRUE,FALSE,0,FALSE,2020-05-29 15:17:17,0
2020-05-30 05:07:31,FALSE,FALSE,0,FALSE,2020-05-30 05:07:31,0
2020-05-30 15:30:08,TRUE,FALSE,0,FALSE,2020-05-30 15:30:08,0
2020-05-31 05:40:41,FALSE,FALSE,0,FALSE,2020-05-31 05:40:41,0
2020-05-31 15:57:36,TRUE,FALSE,0,FALSE,2020-05-31 15:57:36,0
2020-06-01 06:10:03,FALSE,FALSE,0,FALSE,2020-06-01 06:10:03,0
2020-06-01 16:17:36,TRUE,FALSE,0,FALSE,2020-06-01 16:17:36,0
2020-06-02 06:45:47,FALSE,FALSE,0,FALSE,2020-06-02 06:45:47,0
2020-06-02 16:20:08,TRUE,FALSE,0,FALSE,2020-06-02 16:20:08,0
2020-06-03 07:12:31,FALSE,FALSE,0,FALSE,2020-06-03 07:12:31,0
2020-06-03 16:40:08,TRUE,FALSE,0,FALSE,2020-06-03 16:40:08,0
2020-06-04 07:47:31,FALSE,FALSE,0,FALSE,2020-06-04 07:47:31,0
2020-06-04 16:38:14,TRUE,FALSE,0,FALSE,2020-06-04 16:38:14,0
2020-06-05 07:55:23,FALSE,FALSE,0,FALSE,2020-06-05 07:55:23,0
2020-06-05 16:40:09,TRUE,FALSE,0,FALSE,2020-06-05 16:40:09,0
2020-06-06 07:54:26,FALSE,FALSE,0,FALSE,2020-06-06 07:54:26,0
2020-06-06 16:42:18,TRUE,FALSE,0,FALSE,2020-06-06 16:42:18,0
2020-06-07 08:04:26,FALSE,FALSE,0,FALSE,2020-06-07 08:04:26,0
2020-06-07 16:58:15,TRUE,FALSE,0,FALSE,2020-06-07 16:58:15,0
2020-06-08 08:14:26,FALSE,FALSE,0,FALSE,2020-06-08 08:14:26,0
2020-06-08 16:51:59,TRUE,FALSE,0,FALSE,2020-06-08 16:51:59,0
2020-06-09 08:14:26,FALSE,FALSE,0,FALSE,2020-06-09 08:14:26,0
2020-06-09 16:40:09,TRUE,FALSE,0,FALSE,2020-06-09 16:40:09,0
2020-06-10 08:04:26,FALSE,FALSE,0,FALSE,2020-06-10 08:04:26,0
2020-06-10 16:37:37,TRUE,FALSE,0,FALSE,2020-06-10 16:37:37,0
2020-06-11 08:00:23,FALSE,FALSE,0,FALSE,2020-06-11 08:00:23,0
2020-06-11 16:13:15,TRUE,FALSE,0,FALSE,2020-06-11 16:13:15,0
2020-06-12 07:50:04,FALSE,FALSE,0,FALSE,2020-06-12 07:50:04,0
2020-06-12 16:17:06,TRUE,FALSE,0,FALSE,2020-06-12 16:17:06,0
2020-06-13 07:47:32,FALSE,FALSE,0,FALSE,2020-06-13 07:47:32,0
2020-06-13 16:27:37,TRUE,FALSE,0,FALSE,2020-06-13 16:27:37,0
2020-06-14 07:54:26,FALSE,FALSE,0,FALSE,2020-06-14 07:54:26,0
2020-06-14 16:18:15,TRUE,FALSE,0,FALSE,2020-06-14 16:18:15,0
2020-06-15 07:34:26,FALSE,FALSE,0,FALSE,2020-06-15 07:34:26,0
2020-06-15 16:16:49,TRUE,FALSE,0,FALSE,2020-06-15 16:16:49,0
2020-06-16 07:20:52,FALSE,FALSE,0,FALSE,2020-06-16 07:20:52,0
2020-06-16 16:18:15,TRUE,FALSE,0,FALSE,2020-06-16 16:18:15,0
2020-06-17 07:29:26,FALSE,FALSE,0,FALSE,2020-06-17 07:29:26,0
2020-06-17 16:03:15,TRUE,FALSE,0,FALSE,2020-06-17 16:03:15,0
2020-06-18 07:35:23,FALSE,FALSE,0,FALSE,2020-06-18 07:35:23,0
2020-06-18 16:05:09,TRUE,FALSE,0,FALSE,2020-06-18 16:05:09,0
2020-06-19 07:30:42,FALSE,FALSE,0,FALSE,2020-06-19 07:30:42,0
2020-06-19 16:07:06,TRUE,FALSE,0,FALSE,2020-06-19 16:07:06,0
2020-06-20 07:20:04,FALSE,FALSE,0,FALSE,2020-06-20 07:20:04,0
2020-06-20 16:15:09,TRUE,FALSE,0,FALSE,2020-06-20 16:15:09,0
2020-06-21 07:20:05,FALSE,FALSE,0,FALSE,2020-06-21 07:20:05,0
2020-06-21 15:52:07,TRUE,FALSE,0,FALSE,2020-06-21 15:52:07,0
2020-06-22 07:19:27,FALSE,FALSE,0,FALSE,2020-06-22 07:19:27,0
2020-06-22 16:13:16,TRUE,FALSE,0,FALSE,2020-06-22 16:13:16,0
2020-06-23 07:19:27,FALSE,FALSE,0,FALSE,2020-06-23 07:19:27,0
2020-06-23 16:07:00,TRUE,FALSE,0,FALSE,2020-06-23 16:07:00,0
2020-06-24 07:17:33,FALSE,FALSE,0,FALSE,2020-06-24 07:17:33,0
2020-06-24 16:12:07,TRUE,FALSE,0,FALSE,2020-06-24 16:12:07,0
2020-06-25 07:27:33,FALSE,FALSE,0,FALSE,2020-06-25 07:27:33,0
2020-06-25 16:22:38,TRUE,FALSE,0,FALSE,2020-06-25 16:22:38,0
2020-06-26 07:35:36,FALSE,FALSE,0,FALSE,2020-06-26 07:35:36,0
2020-06-26 16:22:19,TRUE,FALSE,0,FALSE,2020-06-26 16:22:19,0
2020-06-27 07:45:05,FALSE,FALSE,0,FALSE,2020-06-27 07:45:05,0
2020-06-27 16:18:16,TRUE,FALSE,0,FALSE,2020-06-27 16:18:16,0
2020-06-28 08:10:05,FALSE,FALSE,0,FALSE,2020-06-28 08:10:05,0
2020-06-28 16:20:10,TRUE,FALSE,0,FALSE,2020-06-28 16:20:10,0
2020-06-29 07:55:24,FALSE,FALSE,0,FALSE,2020-06-29 07:55:24,0
2020-06-29 16:42:19,TRUE,FALSE,0,FALSE,2020-06-29 16:42:19,0
2020-06-30 08:10:05,FALSE,FALSE,0,FALSE,2020-06-30 08:10:05,0
2020-06-30 16:45:10,TRUE,FALSE,0,FALSE,2020-06-30 16:45:10,0
2020-07-01 08:14:27,FALSE,FALSE,0,FALSE,2020-07-01 08:14:27,0
2020-07-01 16:43:16,TRUE,FALSE,0,FALSE,2020-07-01 16:43:16,0
2020-07-02 08:00:43,FALSE,FALSE,0,FALSE,2020-07-02 08:00:43,0
2020-07-02 16:52:07,TRUE,FALSE,0,FALSE,2020-07-02 16:52:07,0
2020-07-03 08:12:33,FALSE,FALSE,0,FALSE,2020-07-03 08:12:33,0
2020-07-03 16:55:10,TRUE,FALSE,0,FALSE,2020-07-03 16:55:10,0
2020-07-04 08:14:27,FALSE,FALSE,0,FALSE,2020-07-04 08:14:27,0
2020-07-04 16:57:38,TRUE,FALSE,0,FALSE,2020-07-04 16:57:38,0
2020-07-05 08:05:43,FALSE,FALSE,0,FALSE,2020-07-05 08:05:43,0
2020-07-05 16:57:07,TRUE,FALSE,0,FALSE,2020-07-05 16:57:07,0
2020-07-06 08:12:33,FALSE,FALSE,0,FALSE,2020-07-06 08:12:33,0
2020-07-06 17:06:54,TRUE,FALSE,0,FALSE,2020-07-06 17:06:54,0
2020-07-07 08:15:43,FALSE,FALSE,0,FALSE,2020-07-07 08:15:43,0
2020-07-07 17:07:20,TRUE,FALSE,0,FALSE,2020-07-07 17:07:20,0
2020-07-08 08:17:34,FALSE,FALSE,0,FALSE,2020-07-08 08:17:34,0
2020-07-08 16:57:08,TRUE,FALSE,0,FALSE,2020-07-08 16:57:08,0
2020-07-09 08:15:25,FALSE,FALSE,0,FALSE,2020-07-09 08:15:25,0
2020-07-09 16:55:11,TRUE,FALSE,0,FALSE,2020-07-09 16:55:11,0
2020-07-10 08:20:06,FALSE,FALSE,0,FALSE,2020-07-10 08:20:06,0
2020-07-10 16:57:39,TRUE,FALSE,0,FALSE,2020-07-10 16:57:39,0
2020-07-11 08:27:34,FALSE,FALSE,0,FALSE,2020-07-11 08:27:34,0
2020-07-11 16:57:39,TRUE,FALSE,0,FALSE,2020-07-11 16:57:39,0
2020-07-12 08:20:50,FALSE,FALSE,0,FALSE,2020-07-12 08:20:50,0
2020-07-12 16:55:11,TRUE,FALSE,0,FALSE,2020-07-12 16:55:11,0
2020-07-13 08:06:00,FALSE,FALSE,0,FALSE,2020-07-13 08:06:00,0
2020-07-13 16:53:17,TRUE,FALSE,0,FALSE,2020-07-13 16:53:17,0
2020-07-14 08:17:34,FALSE,FALSE,0,FALSE,2020-07-14 08:17:34,0
2020-07-14 16:53:17,TRUE,FALSE,0,FALSE,2020-07-14 16:53:17,0
2020-07-15 08:05:06,FALSE,FALSE,0,FALSE,2020-07-15 08:05:06,0
2020-07-15 16:53:17,TRUE,FALSE,0,FALSE,2020-07-15 16:53:17,0
2020-07-16 07:49:28,FALSE,FALSE,0,FALSE,2020-07-16 07:49:28,0
2020-07-16 16:55:11,TRUE,FALSE,0,FALSE,2020-07-16 16:55:11,0
2020-07-17 07:55:06,FALSE,FALSE,0,FALSE,2020-07-17 07:55:06,0
2020-07-17 16:57:39,TRUE,FALSE,0,FALSE,2020-07-17 16:57:39,0
2020-07-18 07:55:37,FALSE,FALSE,0,FALSE,2020-07-18 07:55:37,0
2020-07-18 17:02:01,TRUE,FALSE,0,FALSE,2020-07-18 17:02:01,0
2020-07-19 07:55:57,FALSE,FALSE,0,FALSE,2020-07-19 07:55:57,0
2020-07-19 16:47:39,TRUE,FALSE,0,FALSE,2020-07-19 16:47:39,0
2020-07-20 07:55:25,FALSE,FALSE,0,FALSE,2020-07-20 07:55:25,0
2020-07-20 16:48:17,TRUE,FALSE,0,FALSE,2020-07-20 16:48:17,0
2020-07-21 07:45:57,FALSE,FALSE,0,FALSE,2020-07-21 07:45:57,0
2020-07-21 16:53:17,TRUE,FALSE,0,FALSE,2020-07-21 16:53:17,0
2020-07-22 07:57:34,FALSE,FALSE,0,FALSE,2020-07-22 07:57:34,0
2020-07-22 16:55:11,TRUE,FALSE,0,FALSE,2020-07-22 16:55:11,0
2020-07-23 07:57:34,FALSE,FALSE,0,FALSE,2020-07-23 07:57:34,0
2020-07-23 16:52:39,TRUE,FALSE,0,FALSE,2020-07-23 16:52:39,0
2020-07-24 07:50:58,FALSE,FALSE,0,FALSE,2020-07-24 07:50:58,0
2020-07-24 16:57:40,TRUE,FALSE,0,FALSE,2020-07-24 16:57:40,0
2020-07-25 07:57:35,FALSE,FALSE,0,FALSE,2020-07-25 07:57:35,0
2020-07-25 16:55:12,TRUE,FALSE,0,FALSE,2020-07-25 16:55:12,0
2020-07-26 07:55:07,FALSE,FALSE,0,FALSE,2020-07-26 07:55:07,0
2020-07-26 17:12:21,TRUE,FALSE,0,FALSE,2020-07-26 17:12:21,0
2020-07-27 07:49:29,FALSE,FALSE,0,FALSE,2020-07-27 07:49:29,0
2020-07-27 16:53:18,TRUE,FALSE,0,FALSE,2020-07-27 16:53:18,0
2020-07-28 07:55:51,FALSE,FALSE,0,FALSE,2020-07-28 07:55:51,0
2020-07-28 16:58:18,TRUE,FALSE,0,FALSE,2020-07-28 16:58:18,0
2020-07-29 08:00:26,FALSE,FALSE,0,FALSE,2020-07-29 08:00:26,0
2020-07-29 16:53:18,TRUE,FALSE,0,FALSE,2020-07-29 16:53:18,0
2020-07-30 08:05:07,FALSE,FALSE,0,FALSE,2020-07-30 08:05:07,0
2020-07-30 16:57:40,TRUE,FALSE,0,FALSE,2020-07-30 16:57:40,0
2020-07-31 07:59:29,FALSE,FALSE,0,FALSE,2020-07-31 07:59:29,0
2020-07-31 16:58:18,TRUE,FALSE,0,FALSE,2020-07-31 16:58:18,0
2020-08-01 08:05:26,FALSE,FALSE,0,FALSE,2020-08-01 08:05:26,0
2020-08-01 17:07:21,TRUE,FALSE,0,FALSE,2020-08-01 17:07:21,0
2020-08-02 08:05:07,FALSE,FALSE,0,FALSE,2020-08-02 08:05:07,0
2020-08-02 17:20:12,TRUE,FALSE,0,FALSE,2020-08-02 17:20:12,0
2020-08-03 08:12:35,FALSE,FALSE,0,FALSE,2020-08-03 08:12:35,0
2020-08-03 17:23:18,TRUE,FALSE,0,FALSE,2020-08-03 17:23:18,0
2020-08-04 08:19:29,FALSE,FALSE,0,FALSE,2020-08-04 08:19:29,0
2020-08-04 17:37:40,TRUE,FALSE,0,FALSE,2020-08-04 17:37:40,0
2020-08-05 08:29:29,FALSE,FALSE,0,FALSE,2020-08-05 08:29:29,0
2020-08-05 17:47:40,TRUE,FALSE,0,FALSE,2020-08-05 17:47:40,0
2020-08-06 08:37:35,FALSE,FALSE,0,FALSE,2020-08-06 08:37:35,0
2020-08-06 17:45:12,TRUE,FALSE,0,FALSE,2020-08-06 17:45:12,0
2020-08-07 08:25:38,FALSE,FALSE,0,FALSE,2020-08-07 08:25:38,0
2020-08-07 17:37:40,TRUE,FALSE,0,FALSE,2020-08-07 17:37:40,0
2020-08-08 08:30:38,FALSE,FALSE,0,FALSE,2020-08-08 08:30:38,0
2020-08-08 17:47:02,TRUE,FALSE,0,FALSE,2020-08-08 17:47:02,0
2020-08-09 08:32:36,FALSE,FALSE,0,FALSE,2020-08-09 08:32:36,0
2020-08-09 17:47:41,TRUE,FALSE,0,FALSE,2020-08-09 17:47:41,0
2020-08-10 08:30:08,FALSE,FALSE,0,FALSE,2020-08-10 08:30:08,0
2020-08-10 17:55:13,TRUE,FALSE,0,FALSE,2020-08-10 17:55:13,0
2020-08-11 08:26:04,FALSE,FALSE,0,FALSE,2020-08-11 08:26:04,0
2020-08-11 18:07:22,TRUE,FALSE,0,FALSE,2020-08-11 18:07:22,0
2020-08-12 08:34:30,FALSE,FALSE,0,FALSE,2020-08-12 08:34:30,0
2020-08-12 18:17:22,TRUE,FALSE,0,FALSE,2020-08-12 18:17:22,0
2020-08-13 08:34:30,FALSE,FALSE,0,FALSE,2020-08-13 08:34:30,0
2020-08-13 17:58:19,TRUE,FALSE,0,FALSE,2020-08-13 17:58:19,0
2020-08-14 08:20:08,FALSE,FALSE,0,FALSE,2020-08-14 08:20:08,0
2020-08-14 18:05:13,TRUE,FALSE,0,FALSE,2020-08-14 18:05:13,0
2020-08-15 08:05:08,FALSE,FALSE,0,FALSE,2020-08-15 08:05:08,0
2020-08-15 18:02:22,TRUE,FALSE,0,FALSE,2020-08-15 18:02:22,0
2020-08-16 08:09:30,FALSE,FALSE,0,FALSE,2020-08-16 08:09:30,0
2020-08-16 18:02:03,TRUE,FALSE,0,FALSE,2020-08-16 18:02:03,0
2020-08-17 08:05:08,FALSE,FALSE,0,FALSE,2020-08-17 08:05:08,0
2020-08-17 18:07:41,TRUE,FALSE,0,FALSE,2020-08-17 18:07:41,0
2020-08-18 08:00:46,FALSE,FALSE,0,FALSE,2020-08-18 08:00:46,0
2020-08-18 18:07:41,TRUE,FALSE,0,FALSE,2020-08-18 18:07:41,0
2020-08-19 08:14:30,FALSE,FALSE,0,FALSE,2020-08-19 08:14:30,0
2020-08-19 18:02:22,TRUE,FALSE,0,FALSE,2020-08-19 18:02:22,0
2020-08-20 08:05:27,FALSE,FALSE,0,FALSE,2020-08-20 08:05:27,0
2020-08-20 17:45:13,TRUE,FALSE,0,FALSE,2020-08-20 17:45:13,0
2020-08-21 07:57:36,FALSE,FALSE,0,FALSE,2020-08-21 07:57:36,0
2020-08-21 17:57:41,TRUE,FALSE,0,FALSE,2020-08-21 17:57:41,0
2020-08-22 08:05:08,FALSE,FALSE,0,FALSE,2020-08-22 08:05:08,0
2020-08-22 17:38:19,TRUE,FALSE,0,FALSE,2020-08-22 17:38:19,0
2020-08-23 08:07:36,FALSE,FALSE,0,FALSE,2020-08-23 08:07:36,0
2020-08-23 17:51:53,TRUE,FALSE,0,FALSE,2020-08-23 17:51:53,0
2020-08-24 07:51:04,FALSE,FALSE,0,FALSE,2020-08-24 07:51:04,0
2020-08-24 17:48:19,TRUE,FALSE,0,FALSE,2020-08-24 17:48:19,0
2020-08-25 08:04:31,FALSE,FALSE,0,FALSE,2020-08-25 08:04:31,0
2020-08-25 17:52:11,TRUE,FALSE,0,FALSE,2020-08-25 17:52:11,0
2020-08-26 08:00:28,FALSE,FALSE,0,FALSE,2020-08-26 08:00:28,0
2020-08-26 18:02:42,TRUE,FALSE,0,FALSE,2020-08-26 18:02:42,0
2020-08-27 08:10:09,FALSE,FALSE,0,FALSE,2020-08-27 08:10:09,0
2020-08-27 17:52:23,TRUE,FALSE,0,FALSE,2020-08-27 17:52:23,0
2020-08-28 08:04:31,FALSE,FALSE,0,FALSE,2020-08-28 08:04:31,0
2020-08-28 18:02:42,TRUE,FALSE,0,FALSE,2020-08-28 18:02:42,0
2020-08-29 07:55:28,FALSE,FALSE,0,FALSE,2020-08-29 07:55:28,0
2020-08-29 17:47:42,TRUE,FALSE,0,FALSE,2020-08-29 17:47:42,0
2020-08-30 07:50:09,FALSE,FALSE,0,FALSE,2020-08-30 07:50:09,0
2020-08-30 17:47:11,TRUE,FALSE,0,FALSE,2020-08-30 17:47:11,0
2020-08-31 07:25:40,FALSE,FALSE,0,FALSE,2020-08-31 07:25:40,0
2020-08-31 17:45:14,TRUE,FALSE,0,FALSE,2020-08-31 17:45:14,0
2020-09-01 07:27:37,FALSE,FALSE,0,FALSE,2020-09-01 07:27:37,0
2020-09-01 17:40:14,TRUE,FALSE,0,FALSE,2020-09-01 17:40:14,0
2020-09-02 07:15:40,FALSE,FALSE,0,FALSE,2020-09-02 07:15:40,0
2020-09-02 17:35:14,TRUE,FALSE,0,FALSE,2020-09-02 17:35:14,0
2020-09-03 07:22:37,FALSE,FALSE,0,FALSE,2020-09-03 07:22:37,0
2020-09-03 17:37:42,TRUE,FALSE,0,FALSE,2020-09-03 17:37:42,0
2020-09-04 07:17:37,FALSE,FALSE,0,FALSE,2020-09-04 07:17:37,0
2020-09-04 17:46:48,TRUE,FALSE,0,FALSE,2020-09-04 17:46:48,0
2020-09-05 07:15:28,FALSE,FALSE,0,FALSE,2020-09-05 07:15:28,0
2020-09-05 17:37:11,TRUE,FALSE,0,FALSE,2020-09-05 17:37:11,0
2020-09-06 07:15:40,FALSE,FALSE,0,FALSE,2020-09-06 07:15:40,0
2020-09-06 17:33:20,TRUE,FALSE,0,FALSE,2020-09-06 17:33:20,0
2020-09-07 07:02:37,FALSE,FALSE,0,FALSE,2020-09-07 07:02:37,0
2020-09-07 17:37:11,TRUE,FALSE,0,FALSE,2020-09-07 17:37:11,0
2020-09-08 06:57:37,FALSE,FALSE,0,FALSE,2020-09-08 06:57:37,0
2020-09-08 17:43:20,TRUE,FALSE,0,FALSE,2020-09-08 17:43:20,0
2020-09-09 07:10:09,FALSE,FALSE,0,FALSE,2020-09-09 07:10:09,0
2020-09-09 17:22:42,TRUE,FALSE,0,FALSE,2020-09-09 17:22:42,0
2020-09-10 07:09:31,FALSE,FALSE,0,FALSE,2020-09-10 07:09:31,0
2020-09-10 17:37:24,TRUE,FALSE,0,FALSE,2020-09-10 17:37:24,0
2020-09-11 07:00:29,FALSE,FALSE,0,FALSE,2020-09-11 07:00:29,0
2020-09-11 17:37:12,TRUE,FALSE,0,FALSE,2020-09-11 17:37:12,0
2020-09-12 06:57:38,FALSE,FALSE,0,FALSE,2020-09-12 06:57:38,0
2020-09-12 17:37:43,TRUE,FALSE,0,FALSE,2020-09-12 17:37:43,0
2020-09-13 06:52:38,FALSE,FALSE,0,FALSE,2020-09-13 06:52:38,0
2020-09-13 17:32:24,TRUE,FALSE,0,FALSE,2020-09-13 17:32:24,0
2020-09-14 06:55:29,FALSE,FALSE,0,FALSE,2020-09-14 06:55:29,0
2020-09-14 17:27:43,TRUE,FALSE,0,FALSE,2020-09-14 17:27:43,0
2020-09-15 06:55:10,FALSE,FALSE,0,FALSE,2020-09-15 06:55:10,0
2020-09-15 17:22:12,TRUE,FALSE,0,FALSE,2020-09-15 17:22:12,0
2020-09-16 06:30:29,FALSE,FALSE,0,FALSE,2020-09-16 06:30:29,0
2020-09-16 17:07:43,TRUE,FALSE,0,FALSE,2020-09-16 17:07:43,0
2020-09-17 06:20:29,FALSE,FALSE,0,FALSE,2020-09-17 06:20:29,0
2020-09-17 17:18:21,TRUE,FALSE,0,FALSE,2020-09-17 17:18:21,0
2020-09-18 06:22:38,FALSE,FALSE,0,FALSE,2020-09-18 06:22:38,0
2020-09-18 17:36:59,TRUE,FALSE,0,FALSE,2020-09-18 17:36:59,0
2020-09-19 06:42:38,FALSE,FALSE,0,FALSE,2020-09-19 06:42:38,0
2020-09-19 17:30:15,TRUE,FALSE,0,FALSE,2020-09-19 17:30:15,0
2020-09-20 06:39:32,FALSE,FALSE,0,FALSE,2020-09-20 06:39:32,0
2020-09-20 17:37:43,TRUE,FALSE,0,FALSE,2020-09-20 17:37:43,0
2020-09-21 06:40:58,FALSE,FALSE,0,FALSE,2020-09-21 06:40:58,0
2020-09-21 17:47:24,TRUE,FALSE,0,FALSE,2020-09-21 17:47:24,0
2020-09-22 06:59:32,FALSE,FALSE,0,FALSE,2020-09-22 06:59:32,0
2020-09-22 17:50:15,TRUE,FALSE,0,FALSE,2020-09-22 17:50:15,0
2020-09-23 06:50:29,FALSE,FALSE,0,FALSE,2020-09-23 06:50:29,0
2020-09-23 17:27:43,TRUE,FALSE,0,FALSE,2020-09-23 17:27:43,0
2020-09-24 06:35:10,FALSE,FALSE,0,FALSE,2020-09-24 06:35:10,0
2020-09-24 17:27:24,TRUE,FALSE,0,FALSE,2020-09-24 17:27:24,0
2020-09-25 06:24:32,FALSE,FALSE,0,FALSE,2020-09-25 06:24:32,0
2020-09-25 17:30:15,TRUE,FALSE,0,FALSE,2020-09-25 17:30:15,0
2020-09-26 06:24:32,FALSE,FALSE,0,FALSE,2020-09-26 06:24:32,0
2020-09-26 17:27:24,TRUE,FALSE,0,FALSE,2020-09-26 17:27:24,0
2020-09-27 06:04:33,FALSE,FALSE,0,FALSE,2020-09-27 06:04:33,0
2020-09-27 17:07:25,TRUE,FALSE,0,FALSE,2020-09-27 17:07:25,0
2020-09-28 06:05:11,FALSE,FALSE,0,FALSE,2020-09-28 06:05:11,0
2020-09-28 16:55:16,TRUE,FALSE,0,FALSE,2020-09-28 16:55:16,0
2020-09-29 05:45:30,FALSE,FALSE,0,FALSE,2020-09-29 05:45:30,0
2020-09-29 16:42:25,TRUE,FALSE,0,FALSE,2020-09-29 16:42:25,0
2020-09-30 05:12:39,FALSE,FALSE,0,FALSE,2020-09-30 05:12:39,0
2020-09-30 16:32:06,TRUE,FALSE,0,FALSE,2020-09-30 16:32:06,0
2020-10-01 05:04:33,FALSE,FALSE,0,FALSE,2020-10-01 05:04:33,0
2020-10-01 16:00:16,TRUE,FALSE,0,FALSE,2020-10-01 16:00:16,0
2020-10-02 04:26:02,FALSE,FALSE,0,FALSE,2020-10-02 04:26:02,0
2020-10-02 15:48:22,TRUE,FALSE,0,FALSE,2020-10-02 15:48:22,0
2020-10-03 04:20:11,FALSE,FALSE,0,FALSE,2020-10-03 04:20:11,0
2020-10-03 15:32:44,TRUE,FALSE,0,FALSE,2020-10-03 15:32:44,0
2020-10-04 04:22:39,FALSE,FALSE,0,FALSE,2020-10-04 04:22:39,0
2020-10-04 15:25:16,TRUE,FALSE,0,FALSE,2020-10-04 15:25:16,0
2020-10-05 04:20:11,FALSE,FALSE,0,FALSE,2020-10-05 04:20:11,0
2020-10-05 15:35:16,TRUE,FALSE,0,FALSE,2020-10-05 15:35:16,0
2020-10-06 04:17:39,FALSE,FALSE,0,FALSE,2020-10-06 04:17:39,0
2020-10-06 15:47:44,TRUE,FALSE,0,FALSE,2020-10-06 15:47:44,0
2020-10-07 04:25:49,FALSE,FALSE,0,FALSE,2020-10-07 04:25:49,0
2020-10-07 15:47:25,TRUE,FALSE,0,FALSE,2020-10-07 15:47:25,0
2020-10-08 04:50:30,FALSE,FALSE,0,FALSE,2020-10-08 04:50:30,0
2020-10-08 15:55:16,TRUE,FALSE,0,FALSE,2020-10-08 15:55:16,0
2020-10-09 05:05:55,FALSE,FALSE,0,FALSE,2020-10-09 05:05:55,0
2020-10-09 16:10:16,TRUE,FALSE,0,FALSE,2020-10-09 16:10:16,0
2020-10-10 05:20:11,FALSE,FALSE,0,FALSE,2020-10-10 05:20:11,0
2020-10-10 16:22:13,TRUE,FALSE,0,FALSE,2020-10-10 16:22:13,0
2020-10-11 05:39:33,FALSE,FALSE,0,FALSE,2020-10-11 05:39:33,0
2020-10-11 16:22:44,TRUE,FALSE,0,FALSE,2020-10-11 16:22:44,0
2020-10-12 06:02:39,FALSE,FALSE,0,FALSE,2020-10-12 06:02:39,0
2020-10-12 16:40:16,TRUE,FALSE,0,FALSE,2020-10-12 16:40:16,0
2020-10-13 06:15:43,FALSE,FALSE,0,FALSE,2020-10-13 06:15:43,0
2020-10-13 17:02:45,TRUE,FALSE,0,FALSE,2020-10-13 17:02:45,0
2020-10-14 06:36:00,FALSE,FALSE,0,FALSE,2020-10-14 06:36:00,0
2020-10-14 16:55:17,TRUE,FALSE,0,FALSE,2020-10-14 16:55:17,0
2020-10-15 06:22:40,FALSE,FALSE,0,FALSE,2020-10-15 06:22:40,0
2020-10-15 16:43:23,TRUE,FALSE,0,FALSE,2020-10-15 16:43:23,0
2020-10-16 06:27:40,FALSE,FALSE,0,FALSE,2020-10-16 06:27:40,0
2020-10-16 16:32:26,TRUE,FALSE,0,FALSE,2020-10-16 16:32:26,0
2020-10-17 06:00:31,FALSE,FALSE,0,FALSE,2020-10-17 06:00:31,0
2020-10-17 15:50:17,TRUE,FALSE,0,FALSE,2020-10-17 15:50:17,0
2020-10-18 05:30:31,FALSE,FALSE,0,FALSE,2020-10-18 05:30:31,0
2020-10-18 15:25:17,TRUE,FALSE,0,FALSE,2020-10-18 15:25:17,0
2020-10-19 05:10:31,FALSE,FALSE,0,FALSE,2020-10-19 05:10:31,0
2020-10-19 14:53:23,TRUE,FALSE,0,FALSE,2020-10-19 14:53:23,0
2020-10-20 04:57:40,FALSE,FALSE,0,FALSE,2020-10-20 04:57:40,0
2020-10-20 14:38:23,TRUE,FALSE,0,FALSE,2020-10-20 14:38:23,0
2020-10-21 04:42:40,FALSE,FALSE,0,FALSE,2020-10-21 04:42:40,0
2020-10-21 13:58:23,TRUE,FALSE,0,FALSE,2020-10-21 13:58:23,0
2020-10-22 04:14:34,FALSE,FALSE,0,FALSE,2020-10-22 04:14:34,0
2020-10-22 13:27:26,TRUE,FALSE,0,FALSE,2020-10-22 13:27:26,0
2020-10-23 04:02:40,FALSE,FALSE,0,FALSE,2020-10-23 04:02:40,0
2020-10-23 13:05:17,TRUE,FALSE,0,FALSE,2020-10-23 13:05:17,0
2020-10-24 03:52:40,FALSE,FALSE,0,FALSE,2020-10-24 03:52:40,0
2020-10-24 12:53:23,TRUE,FALSE,0,FALSE,2020-10-24 12:53:23,0
2020-10-25 03:54:34,FALSE,FALSE,0,FALSE,2020-10-25 03:54:34,0
2020-10-25 12:40:17,TRUE,FALSE,0,FALSE,2020-10-25 12:40:17,0
2020-10-26 03:39:34,FALSE,FALSE,0,FALSE,2020-10-26 03:39:34,0
2020-10-26 12:30:17,TRUE,FALSE,0,FALSE,2020-10-26 12:30:17,0
2020-10-27 03:32:40,FALSE,FALSE,0,FALSE,2020-10-27 03:32:40,0
2020-10-27 12:23:23,TRUE,FALSE,0,FALSE,2020-10-27 12:23:23,0
2020-10-28 03:24:34,FALSE,FALSE,0,FALSE,2020-10-28 03:24:34,0
2020-10-28 11:58:23,TRUE,FALSE,0,FALSE,2020-10-28 11:58:23,0
2020-10-29 02:59:34,FALSE,FALSE,0,FALSE,2020-10-29 02:59:34,0
2020-10-29 11:20:17,TRUE,FALSE,0,FALSE,2020-10-29 11:20:17,0
2020-10-30 02:32:41,FALSE,FALSE,0,FALSE,2020-10-30 02:32:41,0
2020-10-30 10:48:24,TRUE,FALSE,0,FALSE,2020-10-30 10:48:24,0
2020-10-31 01:57:41,FALSE,FALSE,0,FALSE,2020-10-31 01:57:41,0
2020-10-31 10:35:18,TRUE,FALSE,0,FALSE,2020-10-31 10:35:18,0
2020-11-01 01:59:35,FALSE,FALSE,0,FALSE,2020-11-01 01:59:35,0
2020-11-01 10:02:27,TRUE,FALSE,0,FALSE,2020-11-01 10:02:27,0
2020-11-02 02:14:35,FALSE,FALSE,0,FALSE,2020-11-02 02:14:35,0
2020-11-02 09:45:18,TRUE,FALSE,0,FALSE,2020-11-02 09:45:18,0
2020-11-03 02:12:41,FALSE,FALSE,0,FALSE,2020-11-03 02:12:41,0
2020-11-03 10:27:46,TRUE,FALSE,0,FALSE,2020-11-03 10:27:46,0
2020-11-04 01:50:32,FALSE,FALSE,0,FALSE,2020-11-04 01:50:32,0
2020-11-04 10:18:24,TRUE,FALSE,0,FALSE,2020-11-04 10:18:24,0
2020-11-05 01:37:41,FALSE,FALSE,0,FALSE,2020-11-05 01:37:41,0
2020-11-05 10:03:24,TRUE,FALSE,0,FALSE,2020-11-05 10:03:24,0
2020-11-06 01:27:41,FALSE,FALSE,0,FALSE,2020-11-06 01:27:41,0
2020-11-06 10:03:24,TRUE,FALSE,0,FALSE,2020-11-06 10:03:24,0
2020-11-07 01:25:13,FALSE,FALSE,0,FALSE,2020-11-07 01:25:13,0
2020-11-07 09:58:24,TRUE,FALSE,0,FALSE,2020-11-07 09:58:24,0
2020-11-08 01:05:57,FALSE,FALSE,0,FALSE,2020-11-08 01:05:57,0
2020-11-08 09:38:24,TRUE,FALSE,0,FALSE,2020-11-08 09:38:24,0
2020-11-09 00:49:35,FALSE,FALSE,0,FALSE,2020-11-09 00:49:35,0
2020-11-09 09:27:27,TRUE,FALSE,0,FALSE,2020-11-09 09:27:27,0
2020-11-10 00:27:41,FALSE,FALSE,0,FALSE,2020-11-10 00:27:41,0
2020-11-10 09:47:27,TRUE,FALSE,0,FALSE,2020-11-10 09:47:27,0
2020-11-11 00:20:32,FALSE,FALSE,0,FALSE,2020-11-11 00:20:32,0
2020-11-11 09:52:27,TRUE,FALSE,0,FALSE,2020-11-11 09:52:27,0
2020-11-12 00:42:41,FALSE,FALSE,0,FALSE,2020-11-12 00:42:41,0
2020-11-12 09:42:15,TRUE,FALSE,0,FALSE,2020-11-12 09:42:15,0
2020-11-13 01:00:44,FALSE,FALSE,0,FALSE,2020-11-13 01:00:44,0
2020-11-13 09:18:24,TRUE,FALSE,0,FALSE,2020-11-13 09:18:24,0
2020-11-14 01:05:13,FALSE,FALSE,0,FALSE,2020-11-14 01:05:13,0
2020-11-14 09:10:18,TRUE,FALSE,0,FALSE,2020-11-14 09:10:18,0
2020-11-15 00:57:42,FALSE,FALSE,0,FALSE,2020-11-15 00:57:42,0
2020-11-15 09:38:25,TRUE,FALSE,0,FALSE,2020-11-15 09:38:25,0
2020-11-16 00:37:16,FALSE,FALSE,0,TRUE,2020-11-16 00:37:16,0
2020-11-20 09:42:33,TRUE,FALSE,0,TRUE,2020-11-20 09:53:27,0
2020-11-21 00:47:42,FALSE,FALSE,0,FALSE,2020-11-21 00:47:42,0
2020-11-21 09:55:19,TRUE,FALSE,0,FALSE,2020-11-21 09:55:19,0
2020-11-22 01:09:36,FALSE,FALSE,0,FALSE,2020-11-22 01:09:36,0
2020-11-22 10:07:16,TRUE,FALSE,0,FALSE,2020-11-22 10:07:16,0
2020-11-23 01:34:36,FALSE,FALSE,0,FALSE,2020-11-23 01:34:36,0
2020-11-23 09:42:28,TRUE,FALSE,0,FALSE,2020-11-23 09:42:28,0
2020-11-24 01:35:45,FALSE,FALSE,0,FALSE,2020-11-24 01:35:45,0
2020-11-24 09:38:25,TRUE,FALSE,0,FALSE,2020-11-24 09:38:25,0
2020-11-25 01:40:45,FALSE,FALSE,0,FALSE,2020-11-25 01:40:45,0
2020-11-25 09:47:28,TRUE,FALSE,0,FALSE,2020-11-25 09:47:28,0
2020-11-26 01:47:42,FALSE,FALSE,0,FALSE,2020-11-26 01:47:42,0
2020-11-26 09:55:19,TRUE,FALSE,0,FALSE,2020-11-26 09:55:19,0
2020-11-27 02:00:33,FALSE,FALSE,0,FALSE,2020-11-27 02:00:33,0
2020-11-27 09:57:47,TRUE,FALSE,0,FALSE,2020-11-27 09:57:47,0
2020-11-28 02:14:36,FALSE,FALSE,0,FALSE,2020-11-28 02:14:36,0
2020-11-28 10:05:19,TRUE,FALSE,0,FALSE,2020-11-28 10:05:19,0
2020-11-29 02:27:42,FALSE,FALSE,0,FALSE,2020-11-29 02:27:42,0
2020-11-29 10:42:28,TRUE,FALSE,0,FALSE,2020-11-29 10:42:28,0
2020-11-30 03:10:45,FALSE,FALSE,0,FALSE,2020-11-30 03:10:45,0
2020-11-30 10:30:19,TRUE,FALSE,0,FALSE,2020-11-30 10:30:19,0
2020-12-01 03:37:43,FALSE,FALSE,0,FALSE,2020-12-01 03:37:43,0
2020-12-01 10:32:29,TRUE,FALSE,0,FALSE,2020-12-01 10:32:29,0
2020-12-02 03:55:15,FALSE,FALSE,0,FALSE,2020-12-02 03:55:15,0
2020-12-02 10:42:29,TRUE,FALSE,0,FALSE,2020-12-02 10:42:29,0
2020-12-03 04:20:34,FALSE,FALSE,0,FALSE,2020-12-03 04:20:34,0
2020-12-03 10:58:26,TRUE,FALSE,0,FALSE,2020-12-03 10:58:26,0
2020-12-04 04:20:34,FALSE,FALSE,0,FALSE,2020-12-04 04:20:34,0
2020-12-04 11:03:26,TRUE,FALSE,0,FALSE,2020-12-04 11:03:26,0
2020-12-05 04:25:15,FALSE,FALSE,0,FALSE,2020-12-05 04:25:15,0
2020-12-05 11:07:48,TRUE,FALSE,0,FALSE,2020-12-05 11:07:48,0
2020-12-06 04:19:37,FALSE,FALSE,0,FALSE,2020-12-06 04:19:37,0
2020-12-06 11:15:20,TRUE,FALSE,0,FALSE,2020-12-06 11:15:20,0
2020-12-07 04:30:15,FALSE,FALSE,0,FALSE,2020-12-07 04:30:15,0
2020-12-07 11:05:20,TRUE,FALSE,0,FALSE,2020-12-07 11:05:20,0
2020-12-08 04:40:46,FALSE,FALSE,0,FALSE,2020-12-08 04:40:46,0
2020-12-08 10:58:26,TRUE,FALSE,0,FALSE,2020-12-08 10:58:26,0
2020-12-09 04:40:15,FALSE,FALSE,0,FALSE,2020-12-09 04:40:15,0
2020-12-09 11:07:48,TRUE,FALSE,0,FALSE,2020-12-09 11:07:48,0
2020-12-10 04:19:37,FALSE,FALSE,0,FALSE,2020-12-10 04:19:37,0
2020-12-10 10:40:20,TRUE,FALSE,0,FALSE,2020-12-10 10:40:20,0
2020-12-11 04:32:43,FALSE,FALSE,0,FALSE,2020-12-11 04:32:43,0
2020-12-11 10:20:20,TRUE,FALSE,0,FALSE,2020-12-11 10:20:20,0
2020-12-12 04:40:15,FALSE,FALSE,0,FALSE,2020-12-12 04:40:15,0
2020-12-12 10:00:20,TRUE,FALSE,0,FALSE,2020-12-12 10:00:20,0
2020-12-13 04:15:34,FALSE,FALSE,0,FALSE,2020-12-13 04:15:34,0
2020-12-13 09:40:20,TRUE,FALSE,0,FALSE,2020-12-13 09:40:20,0
2020-12-14 04:12:43,FALSE,FALSE,0,FALSE,2020-12-14 04:12:43,0
2020-12-14 09:05:20,TRUE,FALSE,0,FALSE,2020-12-14 09:05:20,0
2020-12-15 03:19:37,FALSE,FALSE,0,FALSE,2020-12-15 03:19:37,0
2020-12-15 09:25:20,TRUE,FALSE,0,FALSE,2020-12-15 09:25:20,0
2020-12-16 02:37:43,FALSE,FALSE,0,FALSE,2020-12-16 02:37:43,0
2020-12-16 09:08:26,TRUE,FALSE,0,FALSE,2020-12-16 09:08:26,0
2020-12-17 02:19:37,FALSE,FALSE,0,FALSE,2020-12-17 02:19:37,0
2020-12-17 09:33:27,TRUE,FALSE,0,FALSE,2020-12-17 09:33:27,0
2020-12-18 02:00:16,FALSE,FALSE,0,FALSE,2020-12-18 02:00:16,0
2020-12-18 09:50:21,TRUE,FALSE,0,FALSE,2020-12-18 09:50:21,0
2020-12-19 02:14:38,FALSE,FALSE,0,FALSE,2020-12-19 02:14:38,0
2020-12-19 09:32:49,TRUE,FALSE,0,FALSE,2020-12-19 09:32:49,0
2020-12-20 01:40:16,FALSE,FALSE,0,FALSE,2020-12-20 01:40:16,0
2020-12-20 09:30:21,TRUE,FALSE,0,FALSE,2020-12-20 09:30:21,0
2020-12-21 01:12:44,FALSE,FALSE,0,FALSE,2020-12-21 01:12:44,0
2020-12-21 09:38:27,TRUE,FALSE,0,FALSE,2020-12-21 09:38:27,0
2020-12-22 01:05:35,FALSE,FALSE,0,FALSE,2020-12-22 01:05:35,0
2020-12-22 09:52:49,TRUE,FALSE,0,FALSE,2020-12-22 09:52:49,0
2020-12-23 01:35:16,FALSE,FALSE,0,FALSE,2020-12-23 01:35:16,0
2020-12-23 10:23:27,TRUE,FALSE,0,FALSE,2020-12-23 10:23:27,0
2020-12-24 02:05:16,FALSE,FALSE,0,FALSE,2020-12-24 02:05:16,0
2020-12-24 10:25:21,TRUE,FALSE,0,FALSE,2020-12-24 10:25:21,0
2020-12-25 02:29:38,FALSE,FALSE,0,FALSE,2020-12-25 02:29:38,0
2020-12-25 10:15:21,TRUE,FALSE,0,FALSE,2020-12-25 10:15:21,0
2020-12-26 03:14:38,FALSE,FALSE,0,FALSE,2020-12-26 03:14:38,0
2020-12-26 09:53:27,TRUE,FALSE,0,FALSE,2020-12-26 09:53:27,0
2020-12-27 03:19:38,FALSE,FALSE,0,FALSE,2020-12-27 03:19:38,0
2020-12-27 09:40:21,TRUE,FALSE,0,FALSE,2020-12-27 09:40:21,0
2020-12-28 03:50:47,FALSE,FALSE,0,FALSE,2020-12-28 03:50:47,0
2020-12-28 10:17:11,TRUE,FALSE,0,FALSE,2020-12-28 10:17:11,0
2020-12-29 04:40:47,FALSE,FALSE,0,FALSE,2020-12-29 04:40:47,0
2020-12-29 09:37:49,TRUE,FALSE,0,FALSE,2020-12-29 09:37:49,0
2020-12-30 04:57:44,FALSE,FALSE,0,FALSE,2020-12-30 04:57:44,0
2020-12-30 09:33:27,TRUE,FALSE,0,FALSE,2020-12-30 09:33:27,0
2020-12-31 05:27:44,FALSE,FALSE,0,FALSE,2020-12-31 05:27:44,0
2020-12-31 09:20:21,TRUE,FALSE,0,FALSE,2020-12-31 09:20:21,0
2021-01-01 05:32:44,FALSE,FALSE,0,FALSE,2021-01-01 05:32:44,0
2021-01-01 10:35:21,TRUE,FALSE,0,FALSE,2021-01-01 10:35:21,0
2021-01-02 05:35:16,FALSE,FALSE,0,FALSE,2021-01-02 05:35:16,0
2021-01-02 09:35:21,TRUE,FALSE,0,FALSE,2021-01-02 09:35:21,0
2021-01-03 05:32:45,FALSE,FALSE,0,FALSE,2021-01-03 05:32:45,0
2021-01-03 09:25:22,TRUE,FALSE,0,FALSE,2021-01-03 09:25:22,0
2021-01-04 04:37:45,FALSE,FALSE,0,FALSE,2021-01-04 04:37:45,0
2021-01-04 09:00:22,TRUE,FALSE,0,FALSE,2021-01-04 09:00:22,0
2021-01-05 03:12:45,FALSE,FALSE,0,FALSE,2021-01-05 03:12:45,0
2021-01-05 08:42:50,TRUE,FALSE,0,FALSE,2021-01-05 08:42:50,0
2021-01-06 02:17:45,FALSE,FALSE,0,FALSE,2021-01-06 02:17:45,0
2021-01-06 09:30:22,TRUE,FALSE,0,FALSE,2021-01-06 09:30:22,0
2021-01-07 01:36:08,FALSE,FALSE,0,FALSE,2021-01-07 01:36:08,0
2021-01-07 09:47:50,TRUE,FALSE,0,FALSE,2021-01-07 09:47:50,0
2021-01-08 01:09:27,FALSE,FALSE,0,TRUE,2021-01-08 00:58:56,0
2021-01-24 10:18:19,TRUE,FALSE,0,TRUE,2021-01-24 10:44:00,0
2021-01-25 01:32:46,FALSE,FALSE,0,FALSE,2021-01-25 01:32:46,0
2021-01-25 10:42:51,TRUE,FALSE,0,FALSE,2021-01-25 10:42:51,0
2021-01-26 02:07:46,FALSE,FALSE,0,FALSE,2021-01-26 02:07:46,0
2021-01-26 11:07:51,TRUE,FALSE,0,FALSE,2021-01-26 11:07:51,0
2021-01-27 02:35:18,FALSE,FALSE,0,FALSE,2021-01-27 02:35:18,0
2021-01-27 11:15:23,TRUE,FALSE,0,FALSE,2021-01-27 11:15:23,0
2021-01-28 03:22:46,FALSE,FALSE,0,FALSE,2021-01-28 03:22:46,0
2021-01-28 11:37:20,TRUE,FALSE,0,FALSE,2021-01-28 11:37:20,0
2021-01-29 03:50:18,FALSE,FALSE,0,FALSE,2021-01-29 03:50:18,0
2021-01-29 12:00:23,TRUE,FALSE,0,FALSE,2021-01-29 12:00:23,0
2021-01-30 04:37:46,FALSE,FALSE,0,FALSE,2021-01-30 04:37:46,0
2021-01-30 11:55:23,TRUE,FALSE,0,FALSE,2021-01-30 11:55:23,0
2021-01-31 05:04:40,FALSE,FALSE,0,FALSE,2021-01-31 05:04:40,0
2021-01-31 11:35:23,TRUE,FALSE,0,FALSE,2021-01-31 11:35:23,0
2021-02-01 04:42:46,FALSE,FALSE,0,FALSE,2021-02-01 04:42:46,0
2021-02-01 11:37:51,TRUE,FALSE,0,FALSE,2021-02-01 11:37:51,0
2021-02-02 03:59:40,FALSE,FALSE,0,FALSE,2021-02-02 03:59:40,0
2021-02-02 11:13:29,TRUE,FALSE,0,FALSE,2021-02-02 11:13:29,0
2021-02-03 03:37:46,FALSE,FALSE,0,FALSE,2021-02-03 03:37:46,0
2021-02-03 10:28:29,TRUE,FALSE,0,FALSE,2021-02-03 10:28:29,0
2021-02-04 03:02:46,FALSE,FALSE,0,FALSE,2021-02-04 03:02:46,0
2021-02-04 09:35:24,TRUE,FALSE,0,FALSE,2021-02-04 09:35:24,0
2021-02-05 02:02:47,FALSE,FALSE,0,FALSE,2021-02-05 02:02:47,0
2021-02-05 09:38:30,TRUE,FALSE,0,FALSE,2021-02-05 09:38:30,0
2021-02-06 01:05:19,FALSE,FALSE,0,FALSE,2021-02-06 01:05:19,0
2021-02-06 10:10:24,TRUE,FALSE,0,FALSE,2021-02-06 10:10:24,0
2021-02-07 00:47:47,FALSE,FALSE,0,FALSE,2021-02-07 00:47:47,0
2021-02-07 10:27:52,TRUE,FALSE,0,FALSE,2021-02-07 10:27:52,0
2021-02-08 00:59:01,FALSE,FALSE,0,TRUE,2021-02-08 00:44:29,0
2021-02-18 10:32:34,TRUE,FALSE,0,TRUE,2021-02-18 10:58:27,0
2021-02-19 01:04:41,FALSE,FALSE,0,FALSE,2021-02-19 01:04:41,0
2021-02-19 11:02:52,TRUE,FALSE,0,FALSE,2021-02-19 11:02:52,0
2021-02-20 01:44:41,FALSE,FALSE,0,FALSE,2021-02-20 01:44:41,0
2021-02-20 11:23:30,TRUE,FALSE,0,FALSE,2021-02-20 11:23:30,0
2021-02-21 01:44:42,FALSE,FALSE,0,FALSE,2021-02-21 01:44:42,0
2021-02-21 11:33:31,TRUE,FALSE,0,FALSE,2021-02-21 11:33:31,0
2021-02-22 02:04:42,FALSE,FALSE,0,FALSE,2021-02-22 02:04:42,0
2021-02-22 11:35:25,TRUE,FALSE,0,FALSE,2021-02-22 11:35:25,0
2021-02-23 02:05:20,FALSE,FALSE,0,FALSE,2021-02-23 02:05:20,0
2021-02-23 11:37:34,TRUE,FALSE,0,FALSE,2021-02-23 11:37:34,0
2021-02-24 02:22:48,FALSE,FALSE,0,FALSE,2021-02-24 02:22:48,0
2021-02-24 11:40:25,TRUE,FALSE,0,FALSE,2021-02-24 11:40:25,0
2021-02-25 02:32:48,FALSE,FALSE,0,FALSE,2021-02-25 02:32:48,0
2021-02-25 11:52:15,TRUE,FALSE,0,FALSE,2021-02-25 11:52:15,0
2021-02-26 02:27:48,FALSE,FALSE,0,FALSE,2021-02-26 02:27:48,0
2021-02-26 11:32:15,TRUE,FALSE,0,FALSE,2021-02-26 11:32:15,0
2021-02-27 02:14:42,FALSE,FALSE,0,FALSE,2021-02-27 02:14:42,0
2021-02-27 11:22:53,TRUE,FALSE,0,FALSE,2021-02-27 11:22:53,0
2021-02-28 01:07:48,FALSE,FALSE,0,FALSE,2021-02-28 01:07:48,0
2021-02-28 11:15:25,TRUE,FALSE,0,FALSE,2021-02-28 11:15:25,0
2021-03-01 00:37:48,FALSE,FALSE,0,FALSE,2021-03-01 00:37:48,0
2021-03-01 10:57:53,TRUE,FALSE,0,FALSE,2021-03-01 10:57:53,0
2021-03-02 00:37:23,FALSE,FALSE,0,TRUE,2021-03-02 00:51:43,0
2021-03-03 10:39:51,TRUE,FALSE,0,TRUE,2021-03-03 11:05:40,0
2021-03-04 00:37:16,FALSE,FALSE,0,TRUE,2021-03-04 00:37:16,0
2021-03-06 10:39:55,TRUE,FALSE,0,TRUE,2021-03-06 10:51:14,0
2021-03-07 00:15:39,FALSE,FALSE,0,FALSE,2021-03-07 00:15:39,0
2021-03-07 10:45:25,TRUE,FALSE,0,FALSE,2021-03-07 10:45:25,0
2021-03-08 00:20:39,FALSE,FALSE,0,FALSE,2021-03-08 00:20:39,0
2021-03-08 10:52:15,TRUE,FALSE,0,FALSE,2021-03-08 10:52:15,0
2021-03-09 00:22:49,FALSE,FALSE,0,FALSE,2021-03-09 00:22:49,0
2021-03-09 10:45:26,TRUE,FALSE,0,FALSE,2021-03-09 10:45:26,0
2021-03-10 00:35:52,FALSE,FALSE,0,FALSE,2021-03-10 00:35:52,0
2021-03-10 10:42:54,TRUE,FALSE,0,FALSE,2021-03-10 10:42:54,0
2021-03-11 00:32:49,FALSE,FALSE,0,FALSE,2021-03-11 00:32:49,0
2021-03-11 10:47:54,TRUE,FALSE,0,FALSE,2021-03-11 10:47:54,0
2021-03-12 00:25:52,FALSE,FALSE,0,FALSE,2021-03-12 00:25:52,0
2021-03-12 10:45:26,TRUE,FALSE,0,FALSE,2021-03-12 10:45:26,0
2021-03-13 00:15:40,FALSE,FALSE,0,FALSE,2021-03-13 00:15:40,0
2021-03-13 10:50:26,TRUE,FALSE,0,FALSE,2021-03-13 10:50:26,0
2021-03-14 00:06:09,FALSE,FALSE,0,FALSE,2021-03-14 00:06:09,0
2021-03-14 10:48:32,TRUE,FALSE,0,FALSE,2021-03-14 10:48:32,0
2021-03-15 00:17:49,FALSE,FALSE,0,FALSE,2021-03-15 00:17:49,0
2021-03-15 10:52:23,TRUE,FALSE,0,FALSE,2021-03-15 10:52:23,0
2021-03-16 00:12:49,FALSE,FALSE,0,FALSE,2021-03-16 00:12:49,0
2021-03-16 10:47:35,TRUE,FALSE,0,FALSE,2021-03-16 10:47:35,0
2021-03-17 00:07:49,FALSE,FALSE,0,FALSE,2021-03-17 00:07:49,0
2021-03-17 10:58:32,TRUE,FALSE,0,FALSE,2021-03-17 10:58:32,0
2021-03-18 00:09:43,FALSE,FALSE,0,FALSE,2021-03-18 00:09:43,0
2021-03-18 10:55:26,TRUE,FALSE,0,FALSE,2021-03-18 10:55:26,0
2021-03-19 00:05:59,FALSE,FALSE,0,FALSE,2021-03-19 00:05:59,0
2021-03-19 11:02:54,TRUE,FALSE,0,FALSE,2021-03-19 11:02:54,0
2021-03-20 00:05:40,FALSE,FALSE,0,FALSE,2021-03-20 00:05:40,0
2021-03-20 11:02:23,TRUE,FALSE,0,FALSE,2021-03-20 11:02:23,0
2021-03-21 00:07:49,FALSE,FALSE,0,FALSE,2021-03-21 00:07:49,0
2021-03-21 10:53:32,TRUE,FALSE,0,FALSE,2021-03-21 10:53:32,0
2021-03-22 00:09:27,FALSE,FALSE,0,TRUE,2021-03-22 00:15:36,0
2021-03-23 10:57:12,TRUE,FALSE,0,TRUE,2021-03-23 11:05:40,0
2021-03-24 00:05:21,FALSE,FALSE,0,FALSE,2021-03-24 00:05:21,0
2021-03-24 11:07:35,TRUE,FALSE,0,FALSE,2021-03-24 11:07:35,0
2021-03-25 00:00:40,FALSE,FALSE,0,FALSE,2021-03-25 00:00:40,0
2021-03-25 11:00:27,TRUE,FALSE,0,FALSE,2021-03-25 11:00:27,0
2021-03-26 00:00:53,FALSE,FALSE,0,FALSE,2021-03-26 00:00:53,0
2021-03-26 11:17:55,TRUE,FALSE,0,FALSE,2021-03-26 11:17:55,0
2021-03-26 23:57:50,FALSE,FALSE,0,FALSE,2021-03-26 23:57:50,0
2021-03-27 11:17:17,TRUE,FALSE,0,FALSE,2021-03-27 11:17:17,0
2021-03-28 00:02:50,FALSE,FALSE,0,FALSE,2021-03-28 00:02:50,0
2021-03-28 11:22:24,TRUE,FALSE,0,FALSE,2021-03-28 11:22:24,0
2021-03-28 23:41:16,FALSE,FALSE,0,FALSE,2021-03-28 23:41:16,0
2021-03-29 11:02:36,TRUE,FALSE,0,FALSE,2021-03-29 11:02:36,0
2021-03-29 23:37:50,FALSE,FALSE,0,FALSE,2021-03-29 23:37:50,0
2021-03-30 11:07:55,TRUE,FALSE,0,FALSE,2021-03-30 11:07:55,0
2021-03-30 23:50:22,FALSE,FALSE,0,FALSE,2021-03-30 23:50:22,0
2021-03-31 11:00:27,TRUE,FALSE,0,FALSE,2021-03-31 11:00:27,0
2021-03-31 23:49:44,FALSE,FALSE,0,FALSE,2021-03-31 23:49:44,0
2021-04-01 11:17:07,TRUE,FALSE,0,FALSE,2021-04-01 11:17:07,0
2021-04-01 23:37:50,FALSE,FALSE,0,FALSE,2021-04-01 23:37:50,0
2021-04-02 11:23:33,TRUE,FALSE,0,FALSE,2021-04-02 11:23:33,0
2021-04-02 23:29:44,FALSE,FALSE,0,FALSE,2021-04-02 23:29:44,0
2021-04-03 11:35:27,TRUE,FALSE,0,FALSE,2021-04-03 11:35:27,0
2021-04-03 23:24:44,FALSE,FALSE,0,FALSE,2021-04-03 23:24:44,0
2021-04-04 11:35:27,TRUE,FALSE,0,FALSE,2021-04-04 11:35:27,0
2021-04-04 23:25:22,FALSE,FALSE,0,FALSE,2021-04-04 23:25:22,0
2021-04-05 12:07:55,TRUE,FALSE,0,FALSE,2021-04-05 12:07:55,0
2021-04-05 23:14:44,FALSE,FALSE,0,FALSE,2021-04-05 23:14:44,0
2021-04-06 11:52:36,TRUE,FALSE,0,FALSE,2021-04-06 11:52:36,0
2021-04-06 23:22:50,FALSE,FALSE,0,FALSE,2021-04-06 23:22:50,0
2021-04-07 11:37:01,TRUE,FALSE,0,FALSE,2021-04-07 11:37:01,0
2021-04-07 23:17:50,FALSE,FALSE,0,FALSE,2021-04-07 23:17:50,0
2021-04-08 11:22:55,TRUE,FALSE,0,FALSE,2021-04-08 11:22:55,0
2021-04-08 23:10:41,FALSE,FALSE,0,FALSE,2021-04-08 23:10:41,0
2021-04-09 11:52:07,TRUE,FALSE,0,FALSE,2021-04-09 11:52:07,0
2021-04-09 23:02:50,FALSE,FALSE,0,FALSE,2021-04-09 23:02:50,0
2021-04-10 11:55:28,TRUE,FALSE,0,FALSE,2021-04-10 11:55:28,0
2021-04-10 23:02:51,FALSE,FALSE,0,FALSE,2021-04-10 23:02:51,0
2021-04-11 11:45:28,TRUE,FALSE,0,FALSE,2021-04-11 11:45:28,0
2021-04-11 23:22:51,FALSE,FALSE,0,FALSE,2021-04-11 23:22:51,0
2021-04-12 11:37:37,TRUE,FALSE,0,FALSE,2021-04-12 11:37:37,0
2021-04-12 23:26:14,FALSE,FALSE,0,FALSE,2021-04-12 23:26:14,0
2021-04-13 11:48:34,TRUE,FALSE,0,FALSE,2021-04-13 11:48:34,0
2021-04-13 23:39:45,FALSE,FALSE,0,FALSE,2021-04-13 23:39:45,0
2021-04-14 11:47:56,TRUE,FALSE,0,FALSE,2021-04-14 11:47:56,0
2021-04-14 23:27:51,FALSE,FALSE,0,FALSE,2021-04-14 23:27:51,0
2021-04-15 11:42:56,TRUE,FALSE,0,FALSE,2021-04-15 11:42:56,0
2021-04-15 23:20:42,FALSE,FALSE,0,FALSE,2021-04-15 23:20:42,0
2021-04-16 11:37:37,TRUE,FALSE,0,FALSE,2021-04-16 11:37:37,0
2021-04-16 23:25:42,FALSE,FALSE,0,FALSE,2021-04-16 23:25:42,0
2021-04-17 11:47:56,TRUE,FALSE,0,FALSE,2021-04-17 11:47:56,0
2021-04-17 23:10:54,FALSE,FALSE,0,FALSE,2021-04-17 23:10:54,0
2021-04-18 11:53:34,TRUE,FALSE,0,FALSE,2021-04-18 11:53:34,0
2021-04-18 23:15:42,FALSE,FALSE,0,FALSE,2021-04-18 23:15:42,0
2021-04-19 11:53:34,TRUE,FALSE,0,FALSE,2021-04-19 11:53:34,0
2021-04-19 23:19:45,FALSE,FALSE,0,FALSE,2021-04-19 23:19:45,0
2021-04-20 11:37:56,TRUE,FALSE,0,FALSE,2021-04-20 11:37:56,0
2021-04-20 23:12:51,FALSE,FALSE,0,FALSE,2021-04-20 23:12:51,0
2021-04-21 11:57:12,TRUE,FALSE,0,FALSE,2021-04-21 11:57:12,0
2021-04-21 23:19:45,FALSE,FALSE,0,FALSE,2021-04-21 23:19:45,0
2021-04-22 11:57:37,TRUE,FALSE,0,FALSE,2021-04-22 11:57:37,0
2021-04-22 23:22:51,FALSE,FALSE,0,FALSE,2021-04-22 23:22:51,0
2021-04-23 11:57:37,TRUE,FALSE,0,FALSE,2021-04-23 11:57:37,0
2021-04-23 23:29:45,FALSE,FALSE,0,FALSE,2021-04-23 23:29:45,0
2021-04-24 11:50:28,TRUE,FALSE,0,FALSE,2021-04-24 11:50:28,0
2021-04-24 23:15:42,FALSE,FALSE,0,FALSE,2021-04-24 23:15:42,0
2021-04-25 11:52:25,TRUE,FALSE,0,FALSE,2021-04-25 11:52:25,0
2021-04-25 23:02:51,FALSE,FALSE,0,FALSE,2021-04-25 23:02:51,0
2021-04-26 11:58:34,TRUE,FALSE,0,FALSE,2021-04-26 11:58:34,0
2021-04-26 22:57:52,FALSE,FALSE,0,FALSE,2021-04-26 22:57:52,0
2021-04-27 11:55:29,TRUE,FALSE,0,FALSE,2021-04-27 11:55:29,0
2021-04-27 23:09:46,FALSE,FALSE,0,FALSE,2021-04-27 23:09:46,0
2021-04-28 11:52:57,TRUE,FALSE,0,FALSE,2021-04-28 11:52:57,0
2021-04-28 22:57:52,FALSE,FALSE,0,FALSE,2021-04-28 22:57:52,0
2021-04-29 12:02:57,TRUE,FALSE,0,FALSE,2021-04-29 12:02:57,0
2021-04-29 23:07:52,FALSE,FALSE,0,FALSE,2021-04-29 23:07:52,0
2021-04-30 11:58:35,TRUE,FALSE,0,FALSE,2021-04-30 11:58:35,0
2021-04-30 22:59:46,FALSE,FALSE,0,FALSE,2021-04-30 22:59:46,0
2021-05-01 11:57:38,TRUE,FALSE,0,FALSE,2021-05-01 11:57:38,0
2021-05-01 23:10:43,FALSE,FALSE,0,FALSE,2021-05-01 23:10:43,0
2021-05-02 11:52:38,TRUE,FALSE,0,FALSE,2021-05-02 11:52:38,0
2021-05-02 23:09:46,FALSE,FALSE,0,FALSE,2021-05-02 23:09:46,0
2021-05-03 11:52:19,TRUE,FALSE,0,FALSE,2021-05-03 11:52:19,0
2021-05-03 22:59:46,FALSE,FALSE,0,FALSE,2021-05-03 22:59:46,0
2021-05-04 12:02:57,TRUE,FALSE,0,FALSE,2021-05-04 12:02:57,0
2021-05-04 23:02:52,FALSE,FALSE,0,FALSE,2021-05-04 23:02:52,0
2021-05-05 12:17:57,TRUE,FALSE,0,FALSE,2021-05-05 12:17:57,0
2021-05-05 23:10:24,FALSE,FALSE,0,FALSE,2021-05-05 23:10:24,0
2021-05-06 12:18:35,TRUE,FALSE,0,FALSE,2021-05-06 12:18:35,0
2021-05-06 23:24:46,FALSE,FALSE,0,FALSE,2021-05-06 23:24:46,0
2021-05-07 12:22:38,TRUE,FALSE,0,FALSE,2021-05-07 12:22:38,0
2021-05-07 23:31:08,FALSE,FALSE,0,FALSE,2021-05-07 23:31:08,0
2021-05-08 12:03:35,TRUE,FALSE,0,FALSE,2021-05-08 12:03:35,0
2021-05-08 23:50:43,FALSE,FALSE,0,FALSE,2021-05-08 23:50:43,0
2021-05-09 11:57:57,TRUE,FALSE,0,FALSE,2021-05-09 11:57:57,0
2021-05-10 00:15:24,FALSE,FALSE,0,FALSE,2021-05-10 00:15:24,0
2021-05-10 12:13:35,TRUE,FALSE,0,FALSE,2021-05-10 12:13:35,0
2021-05-11 00:50:24,FALSE,FALSE,0,FALSE,2021-05-11 00:50:24,0
2021-05-11 12:37:19,TRUE,FALSE,0,FALSE,2021-05-11 12:37:19,0
2021-05-12 01:20:24,FALSE,FALSE,0,FALSE,2021-05-12 01:20:24,0
2021-05-12 12:57:38,TRUE,FALSE,0,FALSE,2021-05-12 12:57:38,0
2021-05-13 01:49:47,FALSE,FALSE,0,FALSE,2021-05-13 01:49:47,0
2021-05-13 13:20:30,TRUE,FALSE,0,FALSE,2021-05-13 13:20:30,0
2021-05-14 02:20:56,FALSE,FALSE,0,FALSE,2021-05-14 02:20:56,0
2021-05-14 13:45:30,TRUE,FALSE,0,FALSE,2021-05-14 13:45:30,0
2021-05-15 02:40:25,FALSE,FALSE,0,FALSE,2021-05-15 02:40:25,0
2021-05-15 14:02:39,TRUE,FALSE,0,FALSE,2021-05-15 14:02:39,0
2021-05-16 03:15:25,FALSE,FALSE,0,FALSE,2021-05-16 03:15:25,0
2021-05-16 14:17:39,TRUE,FALSE,0,FALSE,2021-05-16 14:17:39,0
2021-05-17 03:36:03,FALSE,FALSE,0,FALSE,2021-05-17 03:36:03,0
2021-05-17 14:37:39,TRUE,FALSE,0,FALSE,2021-05-17 14:37:39,0
2021-05-18 04:12:53,FALSE,FALSE,0,FALSE,2021-05-18 04:12:53,0
2021-05-18 15:05:30,TRUE,FALSE,0,FALSE,2021-05-18 15:05:30,0
2021-05-19 04:40:56,FALSE,FALSE,0,FALSE,2021-05-19 04:40:56,0
2021-05-19 15:42:14,TRUE,FALSE,0,FALSE,2021-05-19 15:42:14,0
2021-05-20 05:19:47,FALSE,FALSE,0,FALSE,2021-05-20 05:19:47,0
2021-05-20 16:07:39,TRUE,FALSE,0,FALSE,2021-05-20 16:07:39,0
2021-05-21 06:05:25,FALSE,FALSE,0,FALSE,2021-05-21 06:05:25,0
2021-05-21 16:32:58,TRUE,FALSE,0,FALSE,2021-05-21 16:32:58,0
2021-05-22 06:44:47,FALSE,FALSE,0,FALSE,2021-05-22 06:44:47,0
2021-05-22 16:48:36,TRUE,FALSE,0,FALSE,2021-05-22 16:48:36,0
2021-05-23 07:15:25,FALSE,FALSE,0,FALSE,2021-05-23 07:15:25,0
2021-05-23 17:00:30,TRUE,FALSE,0,FALSE,2021-05-23 17:00:30,0
2021-05-24 06:57:53,FALSE,FALSE,0,FALSE,2021-05-24 06:57:53,0
2021-05-24 17:07:58,TRUE,FALSE,0,FALSE,2021-05-24 17:07:58,0
2021-05-25 07:46:03,FALSE,FALSE,0,FALSE,2021-05-25 07:46:03,0
2021-05-25 16:55:30,TRUE,FALSE,0,FALSE,2021-05-25 16:55:30,0
2021-05-26 07:49:47,FALSE,FALSE,0,FALSE,2021-05-26 07:49:47,0
2021-05-26 17:17:20,TRUE,FALSE,0,FALSE,2021-05-26 17:17:20,0
2021-05-27 07:55:25,FALSE,FALSE,0,FALSE,2021-05-27 07:55:25,0
2021-05-27 17:21:54,TRUE,FALSE,0,FALSE,2021-05-27 17:21:54,0
2021-05-28 08:10:25,FALSE,FALSE,0,FALSE,2021-05-28 08:10:25,0
2021-05-28 17:13:36,TRUE,FALSE,0,FALSE,2021-05-28 17:13:36,0
2021-05-29 08:07:53,FALSE,FALSE,0,FALSE,2021-05-29 08:07:53,0
2021-05-29 17:12:15,TRUE,FALSE,0,FALSE,2021-05-29 17:12:15,0
2021-05-30 07:46:04,FALSE,FALSE,0,FALSE,2021-05-30 07:46:04,0
2021-05-30 17:02:40,TRUE,FALSE,0,FALSE,2021-05-30 17:02:40,0
2021-05-31 08:05:45,FALSE,FALSE,0,FALSE,2021-05-31 08:05:45,0
2021-05-31 17:02:40,TRUE,FALSE,0,FALSE,2021-05-31 17:02:40,0
2021-06-01 08:01:14,FALSE,FALSE,0,FALSE,2021-06-01 08:01:14,0
2021-06-01 17:08:37,TRUE,FALSE,0,FALSE,2021-06-01 17:08:37,0
2021-06-02 07:55:26,FALSE,FALSE,0,FALSE,2021-06-02 07:55:26,0
2021-06-02 17:03:37,TRUE,FALSE,0,FALSE,2021-06-02 17:03:37,0
2021-06-03 07:51:10,FALSE,FALSE,0,FALSE,2021-06-03 07:51:10,0
2021-06-03 17:21:52,TRUE,FALSE,0,FALSE,2021-06-03 17:21:52,0
2021-06-04 07:47:54,FALSE,FALSE,0,FALSE,2021-06-04 07:47:54,0
2021-06-04 17:10:31,TRUE,FALSE,0,FALSE,2021-06-04 17:10:31,0
2021-06-05 07:57:54,FALSE,FALSE,0,FALSE,2021-06-05 07:57:54,0
2021-06-05 17:22:03,TRUE,FALSE,0,FALSE,2021-06-05 17:22:03,0
2021-06-06 07:51:10,FALSE,FALSE,0,FALSE,2021-06-06 07:51:10,0
2021-06-06 17:00:31,TRUE,FALSE,0,FALSE,2021-06-06 17:00:31,0
2021-06-07 07:42:54,FALSE,FALSE,0,FALSE,2021-06-07 07:42:54,0
2021-06-07 16:57:59,TRUE,FALSE,0,FALSE,2021-06-07 16:57:59,0
2021-06-08 08:05:45,FALSE,FALSE,0,FALSE,2021-06-08 08:05:45,0
2021-06-08 17:02:28,TRUE,FALSE,0,FALSE,2021-06-08 17:02:28,0
2021-06-09 08:00:45,FALSE,FALSE,0,FALSE,2021-06-09 08:00:45,0
2021-06-09 17:06:47,TRUE,FALSE,0,FALSE,2021-06-09 17:06:47,0
2021-06-10 08:00:45,FALSE,FALSE,0,FALSE,2021-06-10 08:00:45,0
2021-06-10 16:47:59,TRUE,FALSE,0,FALSE,2021-06-10 16:47:59,0
2021-06-11 07:47:54,FALSE,FALSE,0,FALSE,2021-06-11 07:47:54,0
2021-06-11 16:55:31,TRUE,FALSE,0,FALSE,2021-06-11 16:55:31,0
2021-06-12 08:17:54,FALSE,FALSE,0,FALSE,2021-06-12 08:17:54,0
2021-06-12 17:07:40,TRUE,FALSE,0,FALSE,2021-06-12 17:07:40,0
2021-06-13 07:49:48,FALSE,FALSE,0,FALSE,2021-06-13 07:49:48,0
2021-06-13 17:12:59,TRUE,FALSE,0,FALSE,2021-06-13 17:12:59,0
2021-06-14 07:41:10,FALSE,FALSE,0,FALSE,2021-06-14 07:41:10,0
2021-06-14 17:02:16,TRUE,FALSE,0,FALSE,2021-06-14 17:02:16,0
2021-06-15 07:49:49,FALSE,FALSE,0,FALSE,2021-06-15 07:49:49,0
2021-06-15 16:48:38,TRUE,FALSE,0,FALSE,2021-06-15 16:48:38,0
2021-06-16 07:36:05,FALSE,FALSE,0,FALSE,2021-06-16 07:36:05,0
2021-06-16 16:37:41,TRUE,FALSE,0,FALSE,2021-06-16 16:37:41,0
2021-06-17 07:36:18,FALSE,FALSE,0,FALSE,2021-06-17 07:36:18,0
2021-06-17 16:43:00,TRUE,FALSE,0,FALSE,2021-06-17 16:43:00,0
2021-06-18 07:35:46,FALSE,FALSE,0,FALSE,2021-06-18 07:35:46,0
2021-06-18 16:50:32,TRUE,FALSE,0,FALSE,2021-06-18 16:50:32,0
2021-06-19 07:12:55,FALSE,FALSE,0,FALSE,2021-06-19 07:12:55,0
2021-06-19 16:20:32,TRUE,FALSE,0,FALSE,2021-06-19 16:20:32,0
2021-06-20 07:31:05,FALSE,FALSE,0,FALSE,2021-06-20 07:31:05,0
2021-06-20 16:38:00,TRUE,FALSE,0,FALSE,2021-06-20 16:38:00,0
2021-06-21 07:34:49,FALSE,FALSE,0,FALSE,2021-06-21 07:34:49,0
2021-06-21 16:28:38,TRUE,FALSE,0,FALSE,2021-06-21 16:28:38,0
2021-06-22 07:21:32,FALSE,FALSE,0,FALSE,2021-06-22 07:21:32,0
2021-06-22 16:20:32,TRUE,FALSE,0,FALSE,2021-06-22 16:20:32,0
2021-06-23 07:17:55,FALSE,FALSE,0,FALSE,2021-06-23 07:17:55,0
2021-06-23 16:35:32,TRUE,FALSE,0,FALSE,2021-06-23 16:35:32,0
2021-06-24 07:25:46,FALSE,FALSE,0,FALSE,2021-06-24 07:25:46,0
2021-06-24 16:43:38,TRUE,FALSE,0,FALSE,2021-06-24 16:43:38,0
2021-06-25 07:15:46,FALSE,FALSE,0,FALSE,2021-06-25 07:15:46,0
2021-06-25 16:48:38,TRUE,FALSE,0,FALSE,2021-06-25 16:48:38,0
2021-06-26 07:35:58,FALSE,FALSE,0,FALSE,2021-06-26 07:35:58,0
2021-06-26 16:56:49,TRUE,FALSE,0,FALSE,2021-06-26 16:56:49,0
2021-06-27 07:37:55,FALSE,FALSE,0,FALSE,2021-06-27 07:37:55,0
2021-06-27 16:53:38,TRUE,FALSE,0,FALSE,2021-06-27 16:53:38,0
2021-06-28 07:40:58,FALSE,FALSE,0,FALSE,2021-06-28 07:40:58,0
2021-06-28 16:55:32,TRUE,FALSE,0,FALSE,2021-06-28 16:55:32,0
2021-06-29 07:40:27,FALSE,FALSE,0,FALSE,2021-06-29 07:40:27,0
2021-06-29 16:57:41,TRUE,FALSE,0,FALSE,2021-06-29 16:57:41,0
2021-06-30 07:42:55,FALSE,FALSE,0,FALSE,2021-06-30 07:42:55,0
2021-06-30 16:48:00,TRUE,FALSE,0,FALSE,2021-06-30 16:48:00,0
2021-07-01 07:52:56,FALSE,FALSE,0,FALSE,2021-07-01 07:52:56,0
2021-07-01 16:56:58,TRUE,FALSE,0,FALSE,2021-07-01 16:56:58,0
2021-07-02 07:52:56,FALSE,FALSE,0,FALSE,2021-07-02 07:52:56,0
2021-07-02 16:58:39,TRUE,FALSE,0,FALSE,2021-07-02 16:58:39,0
2021-07-03 07:42:56,FALSE,FALSE,0,FALSE,2021-07-03 07:42:56,0
2021-07-03 16:55:33,TRUE,FALSE,0,FALSE,2021-07-03 16:55:33,0
2021-07-04 08:00:47,FALSE,FALSE,0,FALSE,2021-07-04 08:00:47,0
2021-07-04 16:57:23,TRUE,FALSE,0,FALSE,2021-07-04 16:57:23,0
2021-07-05 08:04:50,FALSE,FALSE,0,FALSE,2021-07-05 08:04:50,0
2021-07-05 17:12:17,TRUE,FALSE,0,FALSE,2021-07-05 17:12:17,0
2021-07-06 08:09:50,FALSE,FALSE,0,FALSE,2021-07-06 08:09:50,0
2021-07-06 17:05:33,TRUE,FALSE,0,FALSE,2021-07-06 17:05:33,0
2021-07-07 08:17:56,FALSE,FALSE,0,FALSE,2021-07-07 08:17:56,0
2021-07-07 17:18:01,TRUE,FALSE,0,FALSE,2021-07-07 17:18:01,0
2021-07-08 08:19:50,FALSE,FALSE,0,FALSE,2021-07-08 08:19:50,0
2021-07-08 17:18:01,TRUE,FALSE,0,FALSE,2021-07-08 17:18:01,0
2021-07-09 08:24:50,FALSE,FALSE,0,FALSE,2021-07-09 08:24:50,0
2021-07-09 17:33:39,TRUE,FALSE,0,FALSE,2021-07-09 17:33:39,0
2021-07-10 08:22:56,FALSE,FALSE,0,FALSE,2021-07-10 08:22:56,0
2021-07-10 17:35:33,TRUE,FALSE,0,FALSE,2021-07-10 17:35:33,0
2021-07-11 08:25:28,FALSE,FALSE,0,FALSE,2021-07-11 08:25:28,0
2021-07-11 17:33:01,TRUE,FALSE,0,FALSE,2021-07-11 17:33:01,0
2021-07-12 08:49:50,FALSE,FALSE,0,FALSE,2021-07-12 08:49:50,0
2021-07-12 17:45:33,TRUE,FALSE,0,FALSE,2021-07-12 17:45:33,0
2021-07-13 08:37:56,FALSE,FALSE,0,FALSE,2021-07-13 08:37:56,0
2021-07-13 17:33:39,TRUE,FALSE,0,FALSE,2021-07-13 17:33:39,0
2021-07-14 08:26:19,FALSE,FALSE,0,FALSE,2021-07-14 08:26:19,0
2021-07-14 17:33:01,TRUE,FALSE,0,FALSE,2021-07-14 17:33:01,0
2021-07-15 08:45:28,FALSE,FALSE,0,FALSE,2021-07-15 08:45:28,0
2021-07-15 17:52:30,TRUE,FALSE,0,FALSE,2021-07-15 17:52:30,0
2021-07-16 08:32:56,FALSE,FALSE,0,FALSE,2021-07-16 08:32:56,0
2021-07-16 18:02:13,TRUE,FALSE,0,FALSE,2021-07-16 18:02:13,0
2021-07-17 08:40:48,FALSE,FALSE,0,FALSE,2021-07-17 08:40:48,0
2021-07-17 18:05:34,TRUE,FALSE,0,FALSE,2021-07-17 18:05:34,0
2021-07-18 08:32:57,FALSE,FALSE,0,FALSE,2021-07-18 08:32:57,0
2021-07-18 17:48:02,TRUE,FALSE,0,FALSE,2021-07-18 17:48:02,0
2021-07-19 08:32:57,FALSE,FALSE,0,FALSE,2021-07-19 08:32:57,0
2021-07-19 17:47:43,TRUE,FALSE,0,FALSE,2021-07-19 17:47:43,0
2021-07-20 08:31:00,FALSE,FALSE,0,FALSE,2021-07-20 08:31:00,0
2021-07-20 17:47:43,TRUE,FALSE,0,FALSE,2021-07-20 17:47:43,0
2021-07-21 08:35:29,FALSE,FALSE,0,FALSE,2021-07-21 08:35:29,0
2021-07-21 18:02:03,TRUE,FALSE,0,FALSE,2021-07-21 18:02:03,0
2021-07-22 08:50:29,FALSE,FALSE,0,FALSE,2021-07-22 08:50:29,0
2021-07-22 17:45:34,TRUE,FALSE,0,FALSE,2021-07-22 17:45:34,0
2021-07-23 08:22:57,FALSE,FALSE,0,FALSE,2021-07-23 08:22:57,0
2021-07-23 17:38:02,TRUE,FALSE,0,FALSE,2021-07-23 17:38:02,0
2021-07-24 08:34:51,FALSE,FALSE,0,FALSE,2021-07-24 08:34:51,0
2021-07-24 17:18:40,TRUE,FALSE,0,FALSE,2021-07-24 17:18:40,0
2021-07-25 08:16:13,FALSE,FALSE,0,FALSE,2021-07-25 08:16:13,0
2021-07-25 17:27:43,TRUE,FALSE,0,FALSE,2021-07-25 17:27:43,0
2021-07-26 08:12:57,FALSE,FALSE,0,FALSE,2021-07-26 08:12:57,0
2021-07-26 17:08:40,TRUE,FALSE,0,FALSE,2021-07-26 17:08:40,0
2021-07-27 08:17:57,FALSE,FALSE,0,FALSE,2021-07-27 08:17:57,0
2021-07-27 17:20:34,TRUE,FALSE,0,FALSE,2021-07-27 17:20:34,0
2021-07-28 08:34:51,FALSE,FALSE,0,FALSE,2021-07-28 08:34:51,0
2021-07-28 17:27:24,TRUE,FALSE,0,FALSE,2021-07-28 17:27:24,0
2021-07-29 08:15:48,FALSE,FALSE,0,FALSE,2021-07-29 08:15:48,0
2021-07-29 17:13:40,TRUE,FALSE,0,FALSE,2021-07-29 17:13:40,0
2021-07-30 08:04:51,FALSE,FALSE,0,FALSE,2021-07-30 08:04:51,0
2021-07-30 17:08:02,TRUE,FALSE,0,FALSE,2021-07-30 17:08:02,0
2021-07-31 07:49:51,FALSE,FALSE,0,FALSE,2021-07-31 07:49:51,0
2021-07-31 17:27:18,TRUE,FALSE,0,FALSE,2021-07-31 17:27:18,0
2021-08-01 07:49:51,FALSE,FALSE,0,FALSE,2021-08-01 07:49:51,0
2021-08-01 17:03:02,TRUE,FALSE,0,FALSE,2021-08-01 17:03:02,0
2021-08-02 07:47:57,FALSE,FALSE,0,FALSE,2021-08-02 07:47:57,0
2021-08-02 17:20:35,TRUE,FALSE,0,FALSE,2021-08-02 17:20:35,0
2021-08-03 07:39:52,FALSE,FALSE,0,FALSE,2021-08-03 07:39:52,0
2021-08-03 17:05:35,TRUE,FALSE,0,FALSE,2021-08-03 17:05:35,0
2021-08-04 07:39:52,FALSE,FALSE,0,FALSE,2021-08-04 07:39:52,0
2021-08-04 17:13:03,TRUE,FALSE,0,FALSE,2021-08-04 17:13:03,0
2021-08-05 07:34:52,FALSE,FALSE,0,FALSE,2021-08-05 07:34:52,0
2021-08-05 17:17:03,TRUE,FALSE,0,FALSE,2021-08-05 17:17:03,0
2021-08-06 07:44:52,FALSE,FALSE,0,FALSE,2021-08-06 07:44:52,0
2021-08-06 17:20:35,TRUE,FALSE,0,FALSE,2021-08-06 17:20:35,0
2021-08-07 07:41:01,FALSE,FALSE,0,FALSE,2021-08-07 07:41:01,0
2021-08-07 17:17:15,TRUE,FALSE,0,FALSE,2021-08-07 17:17:15,0
2021-08-08 07:35:30,FALSE,FALSE,0,FALSE,2021-08-08 07:35:30,0
2021-08-08 17:08:03,TRUE,FALSE,0,FALSE,2021-08-08 17:08:03,0
2021-08-09 07:36:01,FALSE,FALSE,0,FALSE,2021-08-09 07:36:01,0
2021-08-09 17:16:58,TRUE,FALSE,0,FALSE,2021-08-09 17:16:58,0
2021-08-10 07:31:14,FALSE,FALSE,0,FALSE,2021-08-10 07:31:14,0
2021-08-10 17:27:44,TRUE,FALSE,0,FALSE,2021-08-10 17:27:44,0
2021-08-11 07:26:38,FALSE,FALSE,0,FALSE,2021-08-11 07:26:38,0
2021-08-11 17:37:32,TRUE,FALSE,0,FALSE,2021-08-11 17:37:32,0
2021-08-12 07:22:58,FALSE,FALSE,0,FALSE,2021-08-12 07:22:58,0
2021-08-12 17:26:50,TRUE,FALSE,0,FALSE,2021-08-12 17:26:50,0
2021-08-13 07:45:49,FALSE,FALSE,0,FALSE,2021-08-13 07:45:49,0
2021-08-13 17:22:09,TRUE,FALSE,0,FALSE,2021-08-13 17:22:09,0
2021-08-14 07:26:31,FALSE,FALSE,0,FALSE,2021-08-14 07:26:31,0
2021-08-14 17:43:03,TRUE,FALSE,0,FALSE,2021-08-14 17:43:03,0
2021-08-15 07:20:30,FALSE,FALSE,0,FALSE,2021-08-15 07:20:30,0
2021-08-15 17:36:54,TRUE,FALSE,0,FALSE,2021-08-15 17:36:54,0
2021-08-16 07:36:08,FALSE,FALSE,0,FALSE,2021-08-16 07:36:08,0
2021-08-16 17:18:03,TRUE,FALSE,0,FALSE,2021-08-16 17:18:03,0
2021-08-17 07:36:01,FALSE,FALSE,0,FALSE,2021-08-17 07:36:01,0
2021-08-17 17:27:15,TRUE,FALSE,0,FALSE,2021-08-17 17:27:15,0
2021-08-18 07:40:30,FALSE,FALSE,0,FALSE,2021-08-18 07:40:30,0
2021-08-18 17:25:35,TRUE,FALSE,0,FALSE,2021-08-18 17:25:35,0
2021-08-19 07:39:53,FALSE,FALSE,0,FALSE,2021-08-19 07:39:53,0
2021-08-19 17:37:33,TRUE,FALSE,0,FALSE,2021-08-19 17:37:33,0
2021-08-20 07:36:22,FALSE,FALSE,0,FALSE,2021-08-20 07:36:22,0
2021-08-20 17:48:04,TRUE,FALSE,0,FALSE,2021-08-20 17:48:04,0
2021-08-21 07:36:02,FALSE,FALSE,0,FALSE,2021-08-21 07:36:02,0
2021-08-21 18:02:10,TRUE,FALSE,0,FALSE,2021-08-21 18:02:10,0
2021-08-22 07:52:59,FALSE,FALSE,0,FALSE,2021-08-22 07:52:59,0
2021-08-22 18:07:16,TRUE,FALSE,0,FALSE,2021-08-22 18:07:16,0
2021-08-23 08:05:31,FALSE,FALSE,0,FALSE,2021-08-23 08:05:31,0
2021-08-23 17:57:26,TRUE,FALSE,0,FALSE,2021-08-23 17:57:26,0
2021-08-24 07:51:25,FALSE,FALSE,0,FALSE,2021-08-24 07:51:25,0
2021-08-24 18:03:04,TRUE,FALSE,0,FALSE,2021-08-24 18:03:04,0
2021-08-25 07:27:59,FALSE,FALSE,0,FALSE,2021-08-25 07:27:59,0
2021-08-25 18:08:42,TRUE,FALSE,0,FALSE,2021-08-25 18:08:42,0
2021-08-26 07:50:31,FALSE,FALSE,0,FALSE,2021-08-26 07:50:31,0
2021-08-26 18:02:26,TRUE,FALSE,0,FALSE,2021-08-26 18:02:26,0
2021-08-27 07:40:50,FALSE,FALSE,0,FALSE,2021-08-27 07:40:50,0
2021-08-27 18:08:04,TRUE,FALSE,0,FALSE,2021-08-27 18:08:04,0
2021-08-28 07:39:53,FALSE,FALSE,0,FALSE,2021-08-28 07:39:53,0
2021-08-28 18:17:10,TRUE,FALSE,0,FALSE,2021-08-28 18:17:10,0
2021-08-29 07:45:31,FALSE,FALSE,0,FALSE,2021-08-29 07:45:31,0
2021-08-29 18:02:33,TRUE,FALSE,0,FALSE,2021-08-29 18:02:33,0
2021-08-30 07:39:53,FALSE,FALSE,0,FALSE,2021-08-30 07:39:53,0
2021-08-30 18:07:45,TRUE,FALSE,0,FALSE,2021-08-30 18:07:45,0
2021-08-31 07:46:09,FALSE,FALSE,0,FALSE,2021-08-31 07:46:09,0
2021-08-31 18:17:16,TRUE,FALSE,0,FALSE,2021-08-31 18:17:16,0
2021-09-01 07:29:53,FALSE,FALSE,0,FALSE,2021-09-01 07:29:53,0
2021-09-01 18:05:36,TRUE,FALSE,0,FALSE,2021-09-01 18:05:36,0
2021-09-02 07:27:59,FALSE,FALSE,0,FALSE,2021-09-02 07:27:59,0
2021-09-02 17:45:36,TRUE,FALSE,0,FALSE,2021-09-02 17:45:36,0
2021-09-03 07:07:59,FALSE,FALSE,0,FALSE,2021-09-03 07:07:59,0
2021-09-03 18:02:20,TRUE,FALSE,0,FALSE,2021-09-03 18:02:20,0
2021-09-04 06:53:00,FALSE,FALSE,0,FALSE,2021-09-04 06:53:00,0
2021-09-04 17:48:05,TRUE,FALSE,0,FALSE,2021-09-04 17:48:05,0
2021-09-05 06:48:00,FALSE,FALSE,0,FALSE,2021-09-05 06:48:00,0
2021-09-05 17:20:37,TRUE,FALSE,0,FALSE,2021-09-05 17:20:37,0
2021-09-06 06:38:00,FALSE,FALSE,0,FALSE,2021-09-06 06:38:00,0
2021-09-06 17:27:05,TRUE,FALSE,0,FALSE,2021-09-06 17:27:05,0
2021-09-07 06:31:39,FALSE,FALSE,0,FALSE,2021-09-07 06:31:39,0
2021-09-07 17:03:43,TRUE,FALSE,0,FALSE,2021-09-07 17:03:43,0
2021-09-08 06:36:44,FALSE,FALSE,0,FALSE,2021-09-08 06:36:44,0
2021-09-08 17:10:37,TRUE,FALSE,0,FALSE,2021-09-08 17:10:37,0
2021-09-09 06:35:32,FALSE,FALSE,0,FALSE,2021-09-09 06:35:32,0
2021-09-09 17:37:02,TRUE,FALSE,0,FALSE,2021-09-09 17:37:02,0
2021-09-10 07:04:54,FALSE,FALSE,0,FALSE,2021-09-10 07:04:54,0
2021-09-10 17:50:37,TRUE,FALSE,0,FALSE,2021-09-10 17:50:37,0
2021-09-11 06:56:26,FALSE,FALSE,0,FALSE,2021-09-11 06:56:26,0
2021-09-11 18:02:17,TRUE,FALSE,0,FALSE,2021-09-11 18:02:17,0
2021-09-12 07:00:32,FALSE,FALSE,0,FALSE,2021-09-12 07:00:32,0
2021-09-12 18:02:34,TRUE,FALSE,0,FALSE,2021-09-12 18:02:34,0
2021-09-13 07:14:54,FALSE,FALSE,0,FALSE,2021-09-13 07:14:54,0
2021-09-13 17:55:37,TRUE,FALSE,0,FALSE,2021-09-13 17:55:37,0
2021-09-14 07:06:03,FALSE,FALSE,0,FALSE,2021-09-14 07:06:03,0
2021-09-14 18:13:05,TRUE,FALSE,0,FALSE,2021-09-14 18:13:05,0
2021-09-15 06:40:32,FALSE,FALSE,0,FALSE,2021-09-15 06:40:32,0
2021-09-15 18:05:37,TRUE,FALSE,0,FALSE,2021-09-15 18:05:37,0
2021-09-16 06:48:00,FALSE,FALSE,0,FALSE,2021-09-16 06:48:00,0
2021-09-16 18:00:37,TRUE,FALSE,0,FALSE,2021-09-16 18:00:37,0
2021-09-17 06:51:20,FALSE,FALSE,0,FALSE,2021-09-17 06:51:20,0
2021-09-17 18:08:05,TRUE,FALSE,0,FALSE,2021-09-17 18:08:05,0
2021-09-18 06:54:54,FALSE,FALSE,0,FALSE,2021-09-18 06:54:54,0
2021-09-18 18:00:37,TRUE,FALSE,0,FALSE,2021-09-18 18:00:37,0
2021-09-19 07:01:03,FALSE,FALSE,0,FALSE,2021-09-19 07:01:03,0
2021-09-19 18:13:43,TRUE,FALSE,0,FALSE,2021-09-19 18:13:43,0
2021-09-20 07:10:32,FALSE,FALSE,0,FALSE,2021-09-20 07:10:32,0
2021-09-20 18:17:35,TRUE,FALSE,0,FALSE,2021-09-20 18:17:35,0
2021-09-21 07:05:33,FALSE,FALSE,0,FALSE,2021-09-21 07:05:33,0
2021-09-21 17:57:35,TRUE,FALSE,0,FALSE,2021-09-21 17:57:35,0
2021-09-22 06:49:55,FALSE,FALSE,0,FALSE,2021-09-22 06:49:55,0
2021-09-22 17:52:47,TRUE,FALSE,0,FALSE,2021-09-22 17:52:47,0
2021-09-23 06:58:01,FALSE,FALSE,0,FALSE,2021-09-23 06:58:01,0
2021-09-23 17:53:06,TRUE,FALSE,0,FALSE,2021-09-23 17:53:06,0
2021-09-24 06:48:01,FALSE,FALSE,0,FALSE,2021-09-24 06:48:01,0
2021-09-24 18:02:35,TRUE,FALSE,0,FALSE,2021-09-24 18:02:35,0
2021-09-25 07:05:52,FALSE,FALSE,0,FALSE,2021-09-25 07:05:52,0
2021-09-25 17:52:47,TRUE,FALSE,0,FALSE,2021-09-25 17:52:47,0
2021-09-26 06:16:21,FALSE,FALSE,0,FALSE,2021-09-26 06:16:21,0
2021-09-26 17:40:38,TRUE,FALSE,0,FALSE,2021-09-26 17:40:38,0
2021-09-27 06:11:24,FALSE,FALSE,0,FALSE,2021-09-27 06:11:24,0
2021-09-27 17:27:47,TRUE,FALSE,0,FALSE,2021-09-27 17:27:47,0
2021-09-28 05:36:04,FALSE,FALSE,0,FALSE,2021-09-28 05:36:04,0
2021-09-28 16:45:38,TRUE,FALSE,0,FALSE,2021-09-28 16:45:38,0
2021-09-29 05:10:33,FALSE,FALSE,0,FALSE,2021-09-29 05:10:33,0
2021-09-29 16:37:47,TRUE,FALSE,0,FALSE,2021-09-29 16:37:47,0
2021-09-30 04:59:55,FALSE,FALSE,0,FALSE,2021-09-30 04:59:55,0
2021-09-30 16:13:06,TRUE,FALSE,0,FALSE,2021-09-30 16:13:06,0
2021-10-01 04:54:55,FALSE,FALSE,0,FALSE,2021-10-01 04:54:55,0
2021-10-01 16:00:38,TRUE,FALSE,0,FALSE,2021-10-01 16:00:38,0
2021-10-02 04:48:01,FALSE,FALSE,0,FALSE,2021-10-02 04:48:01,0
2021-10-02 16:10:38,TRUE,FALSE,0,FALSE,2021-10-02 16:10:38,0
2021-10-03 04:35:33,FALSE,FALSE,0,FALSE,2021-10-03 04:35:33,0
2021-10-03 16:08:06,TRUE,FALSE,0,FALSE,2021-10-03 16:08:06,0
2021-10-04 04:48:01,FALSE,FALSE,0,FALSE,2021-10-04 04:48:01,0
2021-10-04 16:20:38,TRUE,FALSE,0,FALSE,2021-10-04 16:20:38,0
2021-10-05 05:00:52,FALSE,FALSE,0,FALSE,2021-10-05 05:00:52,0
2021-10-05 16:18:44,TRUE,FALSE,0,FALSE,2021-10-05 16:18:44,0
2021-10-06 05:11:34,FALSE,FALSE,0,FALSE,2021-10-06 05:11:34,0
2021-10-06 16:27:12,TRUE,FALSE,0,FALSE,2021-10-06 16:27:12,0
2021-10-07 05:31:05,FALSE,FALSE,0,FALSE,2021-10-07 05:31:05,0
2021-10-07 16:38:45,TRUE,FALSE,0,FALSE,2021-10-07 16:38:45,0
2021-10-08 05:39:56,FALSE,FALSE,0,FALSE,2021-10-08 05:39:56,0
2021-10-08 16:38:07,TRUE,FALSE,0,FALSE,2021-10-08 16:38:07,0
2021-10-09 05:50:53,FALSE,FALSE,0,FALSE,2021-10-09 05:50:53,0
2021-10-09 16:53:45,TRUE,FALSE,0,FALSE,2021-10-09 16:53:45,0
2021-10-10 06:01:12,FALSE,FALSE,0,FALSE,2021-10-10 06:01:12,0
2021-10-10 17:12:48,TRUE,FALSE,0,FALSE,2021-10-10 17:12:48,0
2021-10-11 06:25:53,FALSE,FALSE,0,FALSE,2021-10-11 06:25:53,0
2021-10-11 17:08:45,TRUE,FALSE,0,FALSE,2021-10-11 17:08:45,0
2021-10-12 06:34:56,FALSE,FALSE,0,FALSE,2021-10-12 06:34:56,0
2021-10-12 17:30:39,TRUE,FALSE,0,FALSE,2021-10-12 17:30:39,0
2021-10-13 06:26:28,FALSE,FALSE,0,FALSE,2021-10-13 06:26:28,0
2021-10-13 17:02:48,TRUE,FALSE,0,FALSE,2021-10-13 17:02:48,0
2021-10-14 06:11:49,FALSE,FALSE,0,FALSE,2021-10-14 06:11:49,0
2021-10-14 17:00:39,TRUE,FALSE,0,FALSE,2021-10-14 17:00:39,0
2021-10-15 06:06:12,FALSE,FALSE,0,FALSE,2021-10-15 06:06:12,0
2021-10-15 16:08:07,TRUE,FALSE,0,FALSE,2021-10-15 16:08:07,0
2021-10-16 05:56:12,FALSE,FALSE,0,FALSE,2021-10-16 05:56:12,0
2021-10-16 15:38:07,TRUE,FALSE,0,FALSE,2021-10-16 15:38:07,0
2021-10-17 05:40:34,FALSE,FALSE,0,FALSE,2021-10-17 05:40:34,0
2021-10-17 15:17:36,TRUE,FALSE,0,FALSE,2021-10-17 15:17:36,0
2021-10-18 05:16:22,FALSE,FALSE,0,FALSE,2021-10-18 05:16:22,0
2021-10-18 14:53:45,TRUE,FALSE,0,FALSE,2021-10-18 14:53:45,0
2021-10-19 04:51:05,FALSE,FALSE,0,FALSE,2021-10-19 04:51:05,0
2021-10-19 14:38:45,TRUE,FALSE,0,FALSE,2021-10-19 14:38:45,0
2021-10-20 04:38:02,FALSE,FALSE,0,FALSE,2021-10-20 04:38:02,0
2021-10-20 13:55:39,TRUE,FALSE,0,FALSE,2021-10-20 13:55:39,0
2021-10-21 04:05:53,FALSE,FALSE,0,FALSE,2021-10-21 04:05:53,0
2021-10-21 13:37:48,TRUE,FALSE,0,FALSE,2021-10-21 13:37:48,0
2021-10-22 03:38:02,FALSE,FALSE,0,FALSE,2021-10-22 03:38:02,0
2021-10-22 13:28:45,TRUE,FALSE,0,FALSE,2021-10-22 13:28:45,0
2021-10-23 03:24:57,FALSE,FALSE,0,FALSE,2021-10-23 03:24:57,0
2021-10-23 13:10:40,TRUE,FALSE,0,FALSE,2021-10-23 13:10:40,0
2021-10-24 03:10:35,FALSE,FALSE,0,FALSE,2021-10-24 03:10:35,0
2021-10-24 13:25:40,TRUE,FALSE,0,FALSE,2021-10-24 13:25:40,0
2021-10-25 03:39:57,FALSE,FALSE,0,FALSE,2021-10-25 03:39:57,0
2021-10-25 12:38:46,TRUE,FALSE,0,FALSE,2021-10-25 12:38:46,0
2021-10-26 03:26:06,FALSE,FALSE,0,FALSE,2021-10-26 03:26:06,0
2021-10-26 12:45:40,TRUE,FALSE,0,FALSE,2021-10-26 12:45:40,0
2021-10-27 03:14:57,FALSE,FALSE,0,FALSE,2021-10-27 03:14:57,0
2021-10-27 12:27:49,TRUE,FALSE,0,FALSE,2021-10-27 12:27:49,0
2021-10-28 02:51:13,FALSE,FALSE,0,FALSE,2021-10-28 02:51:13,0
2021-10-28 12:03:08,TRUE,FALSE,0,FALSE,2021-10-28 12:03:08,0
2021-10-29 02:45:35,FALSE,FALSE,0,FALSE,2021-10-29 02:45:35,0
2021-10-29 11:58:08,TRUE,FALSE,0,FALSE,2021-10-29 11:58:08,0
2021-10-30 02:33:03,FALSE,FALSE,0,FALSE,2021-10-30 02:33:03,0
2021-10-30 11:53:08,TRUE,FALSE,0,FALSE,2021-10-30 11:53:08,0
2021-10-31 02:39:57,FALSE,FALSE,0,FALSE,2021-10-31 02:39:57,0
2021-10-31 11:38:08,TRUE,FALSE,0,FALSE,2021-10-31 11:38:08,0
2021-11-01 02:33:03,FALSE,FALSE,0,FALSE,2021-11-01 02:33:03,0
2021-11-01 11:38:08,TRUE,FALSE,0,FALSE,2021-11-01 11:38:08,0
2021-11-02 02:30:54,FALSE,FALSE,0,FALSE,2021-11-02 02:30:54,0
2021-11-02 11:20:40,TRUE,FALSE,0,FALSE,2021-11-02 11:20:40,0
2021-11-03 02:14:57,FALSE,FALSE,0,FALSE,2021-11-03 02:14:57,0
2021-11-03 11:08:08,TRUE,FALSE,0,FALSE,2021-11-03 11:08:08,0
2021-11-04 01:59:57,FALSE,FALSE,0,FALSE,2021-11-04 01:59:57,0
2021-11-04 10:45:40,TRUE,FALSE,0,FALSE,2021-11-04 10:45:40,0
2021-11-05 01:40:35,FALSE,FALSE,0,FALSE,2021-11-05 01:40:35,0
2021-11-05 10:48:46,TRUE,FALSE,0,FALSE,2021-11-05 10:48:46,0
2021-11-06 01:43:03,FALSE,FALSE,0,FALSE,2021-11-06 01:43:03,0
2021-11-06 10:35:40,TRUE,FALSE,0,FALSE,2021-11-06 10:35:40,0
2021-11-07 01:58:03,FALSE,FALSE,0,FALSE,2021-11-07 01:58:03,0
2021-11-07 10:18:08,TRUE,FALSE,0,FALSE,2021-11-07 10:18:08,0
2021-11-08 01:59:57,FALSE,FALSE,0,FALSE,2021-11-08 01:59:57,0
2021-11-08 10:12:50,TRUE,FALSE,0,FALSE,2021-11-08 10:12:50,0
2021-11-09 02:18:04,FALSE,FALSE,0,FALSE,2021-11-09 02:18:04,0
2021-11-09 10:18:47,TRUE,FALSE,0,FALSE,2021-11-09 10:18:47,0
2021-11-10 01:55:36,FALSE,FALSE,0,FALSE,2021-11-10 01:55:36,0
2021-11-10 10:22:50,TRUE,FALSE,0,FALSE,2021-11-10 10:22:50,0
2021-11-11 01:51:07,FALSE,FALSE,0,FALSE,2021-11-11 01:51:07,0
2021-11-11 10:32:38,TRUE,FALSE,0,FALSE,2021-11-11 10:32:38,0
2021-11-12 01:51:07,FALSE,FALSE,0,FALSE,2021-11-12 01:51:07,0
2021-11-12 10:28:47,TRUE,FALSE,0,FALSE,2021-11-12 10:28:47,0
2021-11-13 01:20:36,FALSE,FALSE,0,FALSE,2021-11-13 01:20:36,0
2021-11-13 10:00:41,TRUE,FALSE,0,FALSE,2021-11-13 10:00:41,0
2021-11-14 00:28:04,FALSE,FALSE,0,FALSE,2021-11-14 00:28:04,0
2021-11-14 09:50:41,TRUE,FALSE,0,FALSE,2021-11-14 09:50:41,0
2021-11-15 00:38:16,FALSE,FALSE,0,TRUE,2021-11-15 00:30:02,0
2021-11-20 09:48:08,TRUE,FALSE,0,TRUE,2021-11-20 10:07:53,0
2021-11-21 00:50:36,FALSE,FALSE,0,FALSE,2021-11-21 00:50:36,0
2021-11-21 10:37:21,TRUE,FALSE,0,FALSE,2021-11-21 10:37:21,0
2021-11-22 01:16:20,FALSE,FALSE,0,FALSE,2021-11-22 01:16:20,0
2021-11-22 10:33:47,TRUE,FALSE,0,FALSE,2021-11-22 10:33:47,0
2021-11-23 01:45:55,FALSE,FALSE,0,FALSE,2021-11-23 01:45:55,0
2021-11-23 10:13:09,TRUE,FALSE,0,FALSE,2021-11-23 10:13:09,0
2021-11-24 02:10:55,FALSE,FALSE,0,FALSE,2021-11-24 02:10:55,0
2021-11-24 10:13:09,TRUE,FALSE,0,FALSE,2021-11-24 10:13:09,0
2021-11-25 02:00:56,FALSE,FALSE,0,FALSE,2021-11-25 02:00:56,0
2021-11-25 10:22:39,TRUE,FALSE,0,FALSE,2021-11-25 10:22:39,0
2021-11-26 02:11:08,FALSE,FALSE,0,FALSE,2021-11-26 02:11:08,0
2021-11-26 10:27:32,TRUE,FALSE,0,FALSE,2021-11-26 10:27:32,0
2021-11-27 02:48:05,FALSE,FALSE,0,FALSE,2021-11-27 02:48:05,0
2021-11-27 10:08:48,TRUE,FALSE,0,FALSE,2021-11-27 10:08:48,0
2021-11-28 03:03:05,FALSE,FALSE,0,FALSE,2021-11-28 03:03:05,0
2021-11-28 10:22:39,TRUE,FALSE,0,FALSE,2021-11-28 10:22:39,0
2021-11-29 02:49:59,FALSE,FALSE,0,FALSE,2021-11-29 02:49:59,0
2021-11-29 10:30:42,TRUE,FALSE,0,FALSE,2021-11-29 10:30:42,0
2021-11-30 03:14:59,FALSE,FALSE,0,FALSE,2021-11-30 03:14:59,0
2021-11-30 10:25:42,TRUE,FALSE,0,FALSE,2021-11-30 10:25:42,0
2021-12-01 03:18:05,FALSE,FALSE,0,FALSE,2021-12-01 03:18:05,0
2021-12-01 10:52:11,TRUE,FALSE,0,FALSE,2021-12-01 10:52:11,0
2021-12-02 03:00:56,FALSE,FALSE,0,FALSE,2021-12-02 03:00:56,0
2021-12-02 10:37:26,TRUE,FALSE,0,FALSE,2021-12-02 10:37:26,0
2021-12-03 03:05:37,FALSE,FALSE,0,FALSE,2021-12-03 03:05:37,0
2021-12-03 10:35:42,TRUE,FALSE,0,FALSE,2021-12-03 10:35:42,0
2021-12-04 03:29:59,FALSE,FALSE,0,FALSE,2021-12-04 03:29:59,0
2021-12-04 10:22:51,TRUE,FALSE,0,FALSE,2021-12-04 10:22:51,0
2021-12-05 03:24:59,FALSE,FALSE,0,FALSE,2021-12-05 03:24:59,0
2021-12-05 10:43:10,TRUE,FALSE,0,FALSE,2021-12-05 10:43:10,0
2021-12-06 03:18:05,FALSE,FALSE,0,FALSE,2021-12-06 03:18:05,0
2021-12-06 10:27:39,TRUE,FALSE,0,FALSE,2021-12-06 10:27:39,0
2021-12-07 03:20:56,FALSE,FALSE,0,FALSE,2021-12-07 03:20:56,0
2021-12-07 10:25:42,TRUE,FALSE,0,FALSE,2021-12-07 10:25:42,0
2021-12-08 03:43:05,FALSE,FALSE,0,FALSE,2021-12-08 03:43:05,0
2021-12-08 10:13:48,TRUE,FALSE,0,FALSE,2021-12-08 10:13:48,0
2021-12-09 04:04:59,FALSE,FALSE,0,FALSE,2021-12-09 04:04:59,0
2021-12-09 10:07:51,TRUE,FALSE,0,FALSE,2021-12-09 10:07:51,0
2021-12-10 03:51:21,FALSE,FALSE,0,FALSE,2021-12-10 03:51:21,0
2021-12-10 10:10:42,TRUE,FALSE,0,FALSE,2021-12-10 10:10:42,0
2021-12-11 03:45:00,FALSE,FALSE,0,FALSE,2021-12-11 03:45:00,0
2021-12-11 09:48:49,TRUE,FALSE,0,FALSE,2021-12-11 09:48:49,0
2021-12-12 03:23:06,FALSE,FALSE,0,FALSE,2021-12-12 03:23:06,0
2021-12-12 09:28:49,TRUE,FALSE,0,FALSE,2021-12-12 09:28:49,0
2021-12-13 03:03:06,FALSE,FALSE,0,FALSE,2021-12-13 03:03:06,0
2021-12-13 09:00:43,TRUE,FALSE,0,FALSE,2021-12-13 09:00:43,0
2021-12-14 02:35:38,FALSE,FALSE,0,FALSE,2021-12-14 02:35:38,0
2021-12-14 09:37:20,TRUE,FALSE,0,FALSE,2021-12-14 09:37:20,0
2021-12-15 02:05:00,FALSE,FALSE,0,FALSE,2021-12-15 02:05:00,0
2021-12-15 09:42:40,TRUE,FALSE,0,FALSE,2021-12-15 09:42:40,0
2021-12-16 01:53:06,FALSE,FALSE,0,FALSE,2021-12-16 01:53:06,0
2021-12-16 09:28:11,TRUE,FALSE,0,FALSE,2021-12-16 09:28:11,0
2021-12-17 01:55:57,FALSE,FALSE,0,FALSE,2021-12-17 01:55:57,0
2021-12-17 09:13:11,TRUE,FALSE,0,FALSE,2021-12-17 09:13:11,0
2021-12-18 01:38:06,FALSE,FALSE,0,FALSE,2021-12-18 01:38:06,0
2021-12-18 09:25:43,TRUE,FALSE,0,FALSE,2021-12-18 09:25:43,0
2021-12-19 01:10:00,FALSE,FALSE,0,FALSE,2021-12-19 01:10:00,0
2021-12-19 09:40:43,TRUE,FALSE,0,FALSE,2021-12-19 09:40:43,0
2021-12-20 00:56:09,FALSE,FALSE,0,FALSE,2021-12-20 00:56:09,0
2021-12-20 09:58:11,TRUE,FALSE,0,FALSE,2021-12-20 09:58:11,0
2021-12-21 01:36:09,FALSE,FALSE,0,FALSE,2021-12-21 01:36:09,0
2021-12-21 10:40:43,TRUE,FALSE,0,FALSE,2021-12-21 10:40:43,0
2021-12-22 02:08:06,FALSE,FALSE,0,FALSE,2021-12-22 02:08:06,0
2021-12-22 10:50:43,TRUE,FALSE,0,FALSE,2021-12-22 10:50:43,0
2021-12-23 02:53:06,FALSE,FALSE,0,FALSE,2021-12-23 02:53:06,0
2021-12-23 10:52:52,TRUE,FALSE,0,FALSE,2021-12-23 10:52:52,0
2021-12-24 03:30:00,FALSE,FALSE,0,FALSE,2021-12-24 03:30:00,0
2021-12-24 10:28:11,TRUE,FALSE,0,FALSE,2021-12-24 10:28:11,0
2021-12-25 04:03:06,FALSE,FALSE,0,FALSE,2021-12-25 04:03:06,0
2021-12-25 10:17:40,TRUE,FALSE,0,FALSE,2021-12-25 10:17:40,0
2021-12-26 04:18:06,FALSE,FALSE,0,FALSE,2021-12-26 04:18:06,0
2021-12-26 10:05:43,TRUE,FALSE,0,FALSE,2021-12-26 10:05:43,0
2021-12-27 04:30:38,FALSE,FALSE,0,FALSE,2021-12-27 04:30:38,0
2021-12-27 10:00:44,TRUE,FALSE,0,FALSE,2021-12-27 10:00:44,0
2021-12-28 04:43:07,FALSE,FALSE,0,FALSE,2021-12-28 04:43:07,0
2021-12-28 11:05:44,TRUE,FALSE,0,FALSE,2021-12-28 11:05:44,0
2021-12-29 04:40:39,FALSE,FALSE,0,FALSE,2021-12-29 04:40:39,0
2021-12-29 10:33:12,TRUE,FALSE,0,FALSE,2021-12-29 10:33:12,0
2021-12-30 04:33:07,FALSE,FALSE,0,FALSE,2021-12-30 04:33:07,0
2021-12-30 10:52:28,TRUE,FALSE,0,FALSE,2021-12-30 10:52:28,0
2021-12-31 03:55:39,FALSE,FALSE,0,FALSE,2021-12-31 03:55:39,0
2021-12-31 10:02:24,TRUE,FALSE,0,FALSE,2021-12-31 10:02:24,0
2022-01-01 02:33:07,FALSE,FALSE,0,FALSE,2022-01-01 02:33:07,0
2022-01-01 09:48:50,TRUE,FALSE,0,FALSE,2022-01-01 09:48:50,0
2022-01-02 00:58:07,FALSE,FALSE,0,FALSE,2022-01-02 00:58:07,0
2022-01-02 10:05:44,TRUE,FALSE,0,FALSE,2022-01-02 10:05:44,0
2022-01-03 00:58:56,FALSE,FALSE,0,TRUE,2022-01-03 00:58:56,0
